DataSet,PubID,TrialID,TrtID,SubjectID,Site_Sample,Day_Sample,Time_Sample,VarName,VarValue,VarUnits,N,SEM,SED,VarType
"USDA Beltsville",75,4,13,8866,Animal,-,-,An_CarBal,1574.021745,g/d,-,-,-,Calorimetry
"USDA Beltsville",75,2,23,9098,Animal,-,-,An_CarBal,1577.5152306,g/d,-,-,-,Calorimetry
"USDA Beltsville",76,2,51,9484,Animal,-,-,An_CarBal,1055.6810302,g/d,-,-,-,Calorimetry
"USDA Beltsville",76,4,91,9274,Animal,-,-,An_CarBal,1434.720151,g/d,-,-,-,Calorimetry
"USDA Beltsville",77,1,11,9632,Animal,-,-,An_CarBal,1094.4619692,g/d,-,-,-,Calorimetry
"USDA Beltsville",77,2,21,9484,Animal,-,-,An_CarBal,1111.628877,g/d,-,-,-,Calorimetry
"USDA Beltsville",77,2,31,9421,Animal,-,-,An_CarBal,1115.458527,g/d,-,-,-,Calorimetry
"USDA Beltsville",77,1,41,9624,Animal,-,-,An_CarBal,1476.6325527,g/d,-,-,-,Calorimetry
"USDA Beltsville",1,31,13,191,Animal,-,-,An_CarBal,1910.6732823,g/d,-,-,-,Calorimetry
"USDA Beltsville",1,1,13,192,Animal,-,-,An_CarBal,1812.2029874,g/d,-,-,-,Calorimetry
"USDA Beltsville",1,1,13,197,Animal,-,-,An_CarBal,1715.542542,g/d,-,-,-,Calorimetry
"USDA Beltsville",1,27,13,3641,Animal,-,-,An_CarBal,1865.7393372,g/d,-,-,-,Calorimetry
"USDA Beltsville",1,31,13,868,Animal,-,-,An_CarBal,1865.8485914,g/d,-,-,-,Calorimetry
"USDA Beltsville",1,27,13,875,Animal,-,-,An_CarBal,1678.5183754,g/d,-,-,-,Calorimetry
"USDA Beltsville",1,35,14,191,Animal,-,-,An_CarBal,2827.6536432,g/d,-,-,-,Calorimetry
"USDA Beltsville",1,23,14,192,Animal,-,-,An_CarBal,1551.9485824,g/d,-,-,-,Calorimetry
"USDA Beltsville",1,23,14,197,Animal,-,-,An_CarBal,2414.4426313,g/d,-,-,-,Calorimetry
"USDA Beltsville",1,25,14,3641,Animal,-,-,An_CarBal,2280.5543172,g/d,-,-,-,Calorimetry
"USDA Beltsville",1,35,14,868,Animal,-,-,An_CarBal,2735.9037636,g/d,-,-,-,Calorimetry
"USDA Beltsville",1,25,14,875,Animal,-,-,An_CarBal,2797.1365296,g/d,-,-,-,Calorimetry
"USDA Beltsville",1,33,22,197,Animal,-,-,An_CarBal,1043.8412342,g/d,-,-,-,Calorimetry
"USDA Beltsville",1,27,23,191,Animal,-,-,An_CarBal,1777.7174568,g/d,-,-,-,Calorimetry
"USDA Beltsville",1,33,23,192,Animal,-,-,An_CarBal,1526.0324363,g/d,-,-,-,Calorimetry
"USDA Beltsville",1,31,23,197,Animal,-,-,An_CarBal,2055.5381581,g/d,-,-,-,Calorimetry
"USDA Beltsville",1,27,23,868,Animal,-,-,An_CarBal,1690.680468,g/d,-,-,-,Calorimetry
"USDA Beltsville",1,1,23,875,Animal,-,-,An_CarBal,1689.3628028,g/d,-,-,-,Calorimetry
"USDA Beltsville",1,25,24,191,Animal,-,-,An_CarBal,2338.0870399,g/d,-,-,-,Calorimetry
"USDA Beltsville",1,35,24,192,Animal,-,-,An_CarBal,2520.2246255,g/d,-,-,-,Calorimetry
"USDA Beltsville",1,35,24,197,Animal,-,-,An_CarBal,2467.9180795,g/d,-,-,-,Calorimetry
"USDA Beltsville",1,23,24,3641,Animal,-,-,An_CarBal,1791.2214016,g/d,-,-,-,Calorimetry
"USDA Beltsville",1,25,24,868,Animal,-,-,An_CarBal,2940.4734538,g/d,-,-,-,Calorimetry
"USDA Beltsville",1,23,24,875,Animal,-,-,An_CarBal,3002.8264568,g/d,-,-,-,Calorimetry
"USDA Beltsville",1,24,42,191,Animal,-,-,An_CarBal,1078.1618741,g/d,-,-,-,Calorimetry
"USDA Beltsville",1,29,42,197,Animal,-,-,An_CarBal,1080.2313404,g/d,-,-,-,Calorimetry
"USDA Beltsville",1,1,43,191,Animal,-,-,An_CarBal,1881.6416523,g/d,-,-,-,Calorimetry
"USDA Beltsville",1,27,43,192,Animal,-,-,An_CarBal,1624.1351426,g/d,-,-,-,Calorimetry
"USDA Beltsville",1,31,43,3641,Animal,-,-,An_CarBal,1620.5896642,g/d,-,-,-,Calorimetry
"USDA Beltsville",1,1,43,868,Animal,-,-,An_CarBal,1751.0537579,g/d,-,-,-,Calorimetry
"USDA Beltsville",1,31,43,875,Animal,-,-,An_CarBal,1764.5328414,g/d,-,-,-,Calorimetry
"USDA Beltsville",1,23,44,191,Animal,-,-,An_CarBal,1732.2953545,g/d,-,-,-,Calorimetry
"USDA Beltsville",1,25,44,192,Animal,-,-,An_CarBal,2159.6229712,g/d,-,-,-,Calorimetry
"USDA Beltsville",1,25,44,197,Animal,-,-,An_CarBal,1751.9894343,g/d,-,-,-,Calorimetry
"USDA Beltsville",1,35,44,3641,Animal,-,-,An_CarBal,2134.0035598,g/d,-,-,-,Calorimetry
"USDA Beltsville",1,23,44,868,Animal,-,-,An_CarBal,2553.3343853,g/d,-,-,-,Calorimetry
"USDA Beltsville",1,35,44,875,Animal,-,-,An_CarBal,2223.5612433,g/d,-,-,-,Calorimetry
"USDA Beltsville",5,10,66,3665,Animal,-,-,An_CarBal,1088.4916583,g/d,-,-,-,Calorimetry
"USDA Beltsville",5,10,76,105,Animal,-,-,An_CarBal,1354.3770806,g/d,-,-,-,Calorimetry
"USDA Beltsville",5,9,76,105,Animal,-,-,An_CarBal,1581.3347089,g/d,-,-,-,Calorimetry
"USDA Beltsville",5,5,84,3665,Animal,-,-,An_CarBal,1085.6733703,g/d,-,-,-,Calorimetry
"USDA Beltsville",5,6,84,3665,Animal,-,-,An_CarBal,1157.6897121,g/d,-,-,-,Calorimetry
"USDA Beltsville",5,5,84,77,Animal,-,-,An_CarBal,1174.0690089,g/d,-,-,-,Calorimetry
"USDA Beltsville",5,10,86,3884,Animal,-,-,An_CarBal,1877.1415799,g/d,-,-,-,Calorimetry
"USDA Beltsville",5,9,86,3884,Animal,-,-,An_CarBal,1838.843961,g/d,-,-,-,Calorimetry
"USDA Beltsville",5,11,87,3884,Animal,-,-,An_CarBal,1601.1335701,g/d,-,-,-,Calorimetry
"USDA Beltsville",5,12,87,3884,Animal,-,-,An_CarBal,1395.7251771,g/d,-,-,-,Calorimetry
"USDA Beltsville",6,9,66,3893,Animal,-,-,An_CarBal,3079.685424,g/d,-,-,-,Calorimetry
"USDA Beltsville",6,9,76,105,Animal,-,-,An_CarBal,4209.7795961,g/d,-,-,-,Calorimetry
"USDA Beltsville",7,25,65,77,Animal,-,-,An_CarBal,1765.1507517,g/d,-,-,-,Calorimetry
"USDA Beltsville",7,23,67,77,Animal,-,-,An_CarBal,2770.9336441,g/d,-,-,-,Calorimetry
"USDA Beltsville",7,13,78,3853,Animal,-,-,An_CarBal,1167.3466519,g/d,-,-,-,Calorimetry
"USDA Beltsville",7,26,85,3884,Animal,-,-,An_CarBal,2446.0926597,g/d,-,-,-,Calorimetry
"USDA Beltsville",7,9,86,116,Animal,-,-,An_CarBal,1199.0628767,g/d,-,-,-,Calorimetry
"USDA Beltsville",7,21,87,3884,Animal,-,-,An_CarBal,1399.8019183,g/d,-,-,-,Calorimetry
"USDA Beltsville",7,23,87,3884,Animal,-,-,An_CarBal,3766.2331636,g/d,-,-,-,Calorimetry
"USDA Beltsville",7,31,89,3884,Animal,-,-,An_CarBal,1796.4440999,g/d,-,-,-,Calorimetry
"USDA Beltsville",8,1,72,4024,Animal,-,-,An_CarBal,1182.9656042,g/d,-,-,-,Calorimetry
"USDA Beltsville",8,35,96,3859,Animal,-,-,An_CarBal,1182.3026813,g/d,-,-,-,Calorimetry
"USDA Beltsville",10,15,79,48,Animal,-,-,An_CarBal,1132.5947106,g/d,-,-,-,Calorimetry
"USDA Beltsville",11,11,53,3884,Animal,-,-,An_CarBal,1105.3367882,g/d,-,-,-,Calorimetry
"USDA Beltsville",11,12,53,3884,Animal,-,-,An_CarBal,1061.6464728,g/d,-,-,-,Calorimetry
"USDA Beltsville",12,6,47,445,Animal,-,-,An_CarBal,1014.9290869,g/d,-,-,-,Calorimetry
"USDA Beltsville",14,1,21,383,Animal,-,-,An_CarBal,1361.0268676,g/d,-,-,-,Calorimetry
"USDA Beltsville",14,2,21,383,Animal,-,-,An_CarBal,1351.5278078,g/d,-,-,-,Calorimetry
"USDA Beltsville",20,13,57,417,Animal,-,-,An_CarBal,1043.0450104,g/d,-,-,-,Calorimetry
"USDA Beltsville",25,2,61,5012,Animal,-,-,An_CarBal,1041.3016267,g/d,-,-,-,Calorimetry
"USDA Beltsville",38,1,45,5450,Animal,-,-,An_CarBal,2849.7262166,g/d,-,-,-,Calorimetry
"USDA Beltsville",38,1,65,2057,Animal,-,-,An_CarBal,3968.915335,g/d,-,-,-,Calorimetry
"USDA Beltsville",43,1,9,2248,Animal,-,-,An_CarBal,1841.0724808,g/d,-,-,-,Calorimetry
"USDA Beltsville",44,5,10,5852,Animal,-,-,An_CarBal,1013.3180305,g/d,-,-,-,Calorimetry
"USDA Beltsville",44,2,30,5687,Animal,-,-,An_CarBal,1078.39937,g/d,-,-,-,Calorimetry
"USDA Beltsville",46,4,61,5831,Animal,-,-,An_CarBal,1338.6805723,g/d,-,-,-,Calorimetry
"USDA Beltsville",52,4,18,2224,Animal,-,-,An_CarBal,1007.3542005,g/d,-,-,-,Calorimetry
"USDA Beltsville",55,1,61,6495,Animal,-,-,An_CarBal,1561.2133645,g/d,-,-,-,Calorimetry
"USDA Beltsville",63,1,41,7068,Animal,-,-,An_CarBal,1136.348313,g/d,-,-,-,Calorimetry
"USDA Beltsville",69,3,31,8024,Animal,-,-,An_CarBal,1153.8052906,g/d,-,-,-,Calorimetry
"USDA Beltsville",69,3,51,326,Animal,-,-,An_CarBal,1191.8759089,g/d,-,-,-,Calorimetry
"USDA Beltsville",69,3,51,7875,Animal,-,-,An_CarBal,1416.2573922,g/d,-,-,-,Calorimetry
"USDA Beltsville",69,1,61,7875,Animal,-,-,An_CarBal,1001.8302013,g/d,-,-,-,Calorimetry
"USDA Beltsville",71,2,21,394,Animal,-,-,An_CarBal,1115.010186,g/d,-,-,-,Calorimetry
"USDA Beltsville",71,1,21,8088,Animal,-,-,An_CarBal,1067.2786011,g/d,-,-,-,Calorimetry
"USDA Beltsville",72,1,21,9007,Animal,-,-,An_CarBal,1513.62728,g/d,-,-,-,Calorimetry
"USDA Beltsville",72,1,22,9063,Animal,-,-,An_CarBal,2210.8318664,g/d,-,-,-,Calorimetry
"USDA Beltsville",73,2,11,8895,Animal,-,-,An_CarBal,1549.6186227,g/d,-,-,-,Calorimetry
"USDA Beltsville",73,2,21,8638,Animal,-,-,An_CarBal,1071.2831953,g/d,-,-,-,Calorimetry
"USDA Beltsville",73,2,21,9035,Animal,-,-,An_CarBal,1101.2670243,g/d,-,-,-,Calorimetry
"USDA Beltsville",73,2,41,8840,Animal,-,-,An_CarBal,1703.394955,g/d,-,-,-,Calorimetry
"USDA Beltsville",74,2,13,573,Animal,-,-,An_CarBal,1055.1956211,g/d,-,-,-,Calorimetry
"USDA Beltsville",74,1,33,483,Animal,-,-,An_CarBal,1450.7026146,g/d,-,-,-,Calorimetry
"USDA Beltsville",74,1,33,509,Animal,-,-,An_CarBal,1384.1622935,g/d,-,-,-,Calorimetry
