DataSet,PubID,TrialID,TrtID,SubjectID,VarName,Varvalue,VarUnits,N,SE,SD
"USDA Beltsville",21,1,63,4608,Subj_Species,Beef,-,-,-,-
"USDA Beltsville",21,2,63,4608,Subj_Species,Beef,-,-,-,-
"USDA Beltsville",21,1,63,4670,Subj_Species,Beef,-,-,-,-
"USDA Beltsville",21,2,63,4670,Subj_Species,Beef,-,-,-,-
"USDA Beltsville",21,3,63,4670,Subj_Species,Beef,-,-,-,-
"USDA Beltsville",21,3,65,4608,Subj_Species,Beef,-,-,-,-
"USDA Beltsville",21,4,65,4670,Subj_Species,Beef,-,-,-,-
"USDA Beltsville",21,4,67,4608,Subj_Species,Beef,-,-,-,-
"USDA Beltsville",21,5,67,4608,Subj_Species,Beef,-,-,-,-
"USDA Beltsville",21,6,67,4608,Subj_Species,Beef,-,-,-,-
"USDA Beltsville",21,7,67,4608,Subj_Species,Beef,-,-,-,-
"USDA Beltsville",21,3,68,964,Subj_Species,Beef,-,-,-,-
"USDA Beltsville",21,4,68,964,Subj_Species,Beef,-,-,-,-
"USDA Beltsville",21,5,68,964,Subj_Species,Beef,-,-,-,-
"USDA Beltsville",21,6,68,964,Subj_Species,Beef,-,-,-,-
"USDA Beltsville",21,2,68,965,Subj_Species,Beef,-,-,-,-
"USDA Beltsville",21,3,68,966,Subj_Species,Beef,-,-,-,-
"USDA Beltsville",21,4,68,966,Subj_Species,Beef,-,-,-,-
"USDA Beltsville",21,5,68,966,Subj_Species,Beef,-,-,-,-
"USDA Beltsville",21,6,68,966,Subj_Species,Beef,-,-,-,-
"USDA Beltsville",21,2,68,969,Subj_Species,Beef,-,-,-,-
"USDA Beltsville",21,3,68,969,Subj_Species,Beef,-,-,-,-
"USDA Beltsville",21,4,68,969,Subj_Species,Beef,-,-,-,-
"USDA Beltsville",21,5,68,969,Subj_Species,Beef,-,-,-,-
"USDA Beltsville",21,8,69,4608,Subj_Species,Beef,-,-,-,-
"USDA Beltsville",21,1,69,964,Subj_Species,Beef,-,-,-,-
"USDA Beltsville",21,10,69,964,Subj_Species,Beef,-,-,-,-
"USDA Beltsville",21,2,69,964,Subj_Species,Beef,-,-,-,-
"USDA Beltsville",21,7,69,964,Subj_Species,Beef,-,-,-,-
"USDA Beltsville",21,8,69,964,Subj_Species,Beef,-,-,-,-
"USDA Beltsville",21,1,69,965,Subj_Species,Beef,-,-,-,-
"USDA Beltsville",21,3,69,965,Subj_Species,Beef,-,-,-,-
"USDA Beltsville",21,1,69,966,Subj_Species,Beef,-,-,-,-
"USDA Beltsville",21,10,69,966,Subj_Species,Beef,-,-,-,-
"USDA Beltsville",21,2,69,966,Subj_Species,Beef,-,-,-,-
"USDA Beltsville",21,7,69,966,Subj_Species,Beef,-,-,-,-
"USDA Beltsville",21,8,69,966,Subj_Species,Beef,-,-,-,-
"USDA Beltsville",21,1,69,969,Subj_Species,Beef,-,-,-,-
"USDA Beltsville",21,6,69,969,Subj_Species,Beef,-,-,-,-
"USDA Beltsville",21,7,69,969,Subj_Species,Beef,-,-,-,-
"USDA Beltsville",21,9,69,969,Subj_Species,Beef,-,-,-,-
"USDA Beltsville",21,1,72,3840,Subj_Species,Beef,-,-,-,-
"USDA Beltsville",21,1,73,4468,Subj_Species,Beef,-,-,-,-
"USDA Beltsville",21,2,73,4468,Subj_Species,Beef,-,-,-,-
"USDA Beltsville",21,3,73,4468,Subj_Species,Beef,-,-,-,-
"USDA Beltsville",21,1,73,4661,Subj_Species,Beef,-,-,-,-
"USDA Beltsville",21,2,73,4661,Subj_Species,Beef,-,-,-,-
"USDA Beltsville",21,2,75,3840,Subj_Species,Beef,-,-,-,-
"USDA Beltsville",21,4,75,4468,Subj_Species,Beef,-,-,-,-
"USDA Beltsville",21,5,75,4468,Subj_Species,Beef,-,-,-,-
"USDA Beltsville",21,3,75,4661,Subj_Species,Beef,-,-,-,-
"USDA Beltsville",21,4,75,4661,Subj_Species,Beef,-,-,-,-
"USDA Beltsville",21,1,77,2065,Subj_Species,Beef,-,-,-,-
"USDA Beltsville",21,2,77,2065,Subj_Species,Beef,-,-,-,-
"USDA Beltsville",21,3,77,3840,Subj_Species,Beef,-,-,-,-
"USDA Beltsville",21,6,77,4468,Subj_Species,Beef,-,-,-,-
"USDA Beltsville",21,5,77,4661,Subj_Species,Beef,-,-,-,-
"USDA Beltsville",21,3,78,963,Subj_Species,Beef,-,-,-,-
"USDA Beltsville",21,4,78,963,Subj_Species,Beef,-,-,-,-
"USDA Beltsville",21,5,78,963,Subj_Species,Beef,-,-,-,-
"USDA Beltsville",21,6,78,963,Subj_Species,Beef,-,-,-,-
"USDA Beltsville",21,3,78,967,Subj_Species,Beef,-,-,-,-
"USDA Beltsville",21,4,78,967,Subj_Species,Beef,-,-,-,-
"USDA Beltsville",21,5,78,967,Subj_Species,Beef,-,-,-,-
"USDA Beltsville",21,6,78,967,Subj_Species,Beef,-,-,-,-
"USDA Beltsville",21,3,78,968,Subj_Species,Beef,-,-,-,-
"USDA Beltsville",21,4,78,968,Subj_Species,Beef,-,-,-,-
"USDA Beltsville",21,5,78,968,Subj_Species,Beef,-,-,-,-
"USDA Beltsville",21,6,78,968,Subj_Species,Beef,-,-,-,-
"USDA Beltsville",21,1,78,970,Subj_Species,Beef,-,-,-,-
"USDA Beltsville",21,2,78,970,Subj_Species,Beef,-,-,-,-
"USDA Beltsville",21,3,79,2065,Subj_Species,Beef,-,-,-,-
"USDA Beltsville",21,1,79,963,Subj_Species,Beef,-,-,-,-
"USDA Beltsville",21,10,79,963,Subj_Species,Beef,-,-,-,-
"USDA Beltsville",21,2,79,963,Subj_Species,Beef,-,-,-,-
"USDA Beltsville",21,7,79,963,Subj_Species,Beef,-,-,-,-
"USDA Beltsville",21,8,79,963,Subj_Species,Beef,-,-,-,-
"USDA Beltsville",21,1,79,967,Subj_Species,Beef,-,-,-,-
"USDA Beltsville",21,10,79,967,Subj_Species,Beef,-,-,-,-
"USDA Beltsville",21,2,79,967,Subj_Species,Beef,-,-,-,-
"USDA Beltsville",21,7,79,967,Subj_Species,Beef,-,-,-,-
"USDA Beltsville",21,8,79,967,Subj_Species,Beef,-,-,-,-
"USDA Beltsville",21,1,79,968,Subj_Species,Beef,-,-,-,-
"USDA Beltsville",21,10,79,968,Subj_Species,Beef,-,-,-,-
"USDA Beltsville",21,2,79,968,Subj_Species,Beef,-,-,-,-
"USDA Beltsville",21,7,79,968,Subj_Species,Beef,-,-,-,-
"USDA Beltsville",21,8,79,968,Subj_Species,Beef,-,-,-,-
"USDA Beltsville",21,3,79,970,Subj_Species,Beef,-,-,-,-
"USDA Beltsville",21,9,,963,Subj_Species,Beef,-,-,-,-
"USDA Beltsville",21,9,,964,Subj_Species,Beef,-,-,-,-
"USDA Beltsville",21,4,,965,Subj_Species,Beef,-,-,-,-
"USDA Beltsville",21,9,,966,Subj_Species,Beef,-,-,-,-
"USDA Beltsville",21,9,,967,Subj_Species,Beef,-,-,-,-
"USDA Beltsville",21,9,,968,Subj_Species,Beef,-,-,-,-
"USDA Beltsville",21,8,,969,Subj_Species,Beef,-,-,-,-
"USDA Beltsville",21,4,,970,Subj_Species,Beef,-,-,-,-
"USDA Beltsville",22,1,75,480,Subj_Species,Beef,-,-,-,-
"USDA Beltsville",22,2,77,480,Subj_Species,Beef,-,-,-,-
"USDA Beltsville",22,1,79,417,Subj_Species,Beef,-,-,-,-
"USDA Beltsville",22,2,79,417,Subj_Species,Beef,-,-,-,-
"USDA Beltsville",22,1,79,963,Subj_Species,Beef,-,-,-,-
"USDA Beltsville",22,2,79,963,Subj_Species,Beef,-,-,-,-
"USDA Beltsville",22,1,79,966,Subj_Species,Beef,-,-,-,-
"USDA Beltsville",22,2,79,966,Subj_Species,Beef,-,-,-,-
"USDA Beltsville",22,1,79,969,Subj_Species,Beef,-,-,-,-
"USDA Beltsville",22,2,79,969,Subj_Species,Beef,-,-,-,-
"USDA Beltsville",22,1,79,970,Subj_Species,Beef,-,-,-,-
"USDA Beltsville",22,2,79,970,Subj_Species,Beef,-,-,-,-
"USDA Beltsville",22,1,85,414,Subj_Species,Beef,-,-,-,-
"USDA Beltsville",22,2,87,414,Subj_Species,Beef,-,-,-,-
"USDA Beltsville",22,1,89,964,Subj_Species,Beef,-,-,-,-
"USDA Beltsville",22,2,89,964,Subj_Species,Beef,-,-,-,-
"USDA Beltsville",22,1,89,965,Subj_Species,Beef,-,-,-,-
"USDA Beltsville",22,2,89,965,Subj_Species,Beef,-,-,-,-
"USDA Beltsville",22,1,89,967,Subj_Species,Beef,-,-,-,-
"USDA Beltsville",22,2,89,967,Subj_Species,Beef,-,-,-,-
"USDA Beltsville",22,1,89,968,Subj_Species,Beef,-,-,-,-
"USDA Beltsville",22,2,89,968,Subj_Species,Beef,-,-,-,-
"USDA Beltsville",36,1,11,2236,Subj_Species,Beef,-,-,-,-
"USDA Beltsville",36,3,11,2240,Subj_Species,Beef,-,-,-,-
"USDA Beltsville",36,4,11,2241,Subj_Species,Beef,-,-,-,-
"USDA Beltsville",36,2,11,2246,Subj_Species,Beef,-,-,-,-
"USDA Beltsville",36,1,11,2247,Subj_Species,Beef,-,-,-,-
"USDA Beltsville",36,4,11,2248,Subj_Species,Beef,-,-,-,-
"USDA Beltsville",36,3,11,2249,Subj_Species,Beef,-,-,-,-
"USDA Beltsville",36,2,11,6065,Subj_Species,Beef,-,-,-,-
"USDA Beltsville",36,2,12,2236,Subj_Species,Beef,-,-,-,-
"USDA Beltsville",36,4,12,2240,Subj_Species,Beef,-,-,-,-
"USDA Beltsville",36,1,12,2241,Subj_Species,Beef,-,-,-,-
"USDA Beltsville",36,4,12,2246,Subj_Species,Beef,-,-,-,-
"USDA Beltsville",36,3,12,2247,Subj_Species,Beef,-,-,-,-
"USDA Beltsville",36,2,12,2248,Subj_Species,Beef,-,-,-,-
"USDA Beltsville",36,1,12,2249,Subj_Species,Beef,-,-,-,-
"USDA Beltsville",36,3,12,6065,Subj_Species,Beef,-,-,-,-
"USDA Beltsville",36,4,21,2236,Subj_Species,Beef,-,-,-,-
"USDA Beltsville",36,2,21,2240,Subj_Species,Beef,-,-,-,-
"USDA Beltsville",36,3,21,2241,Subj_Species,Beef,-,-,-,-
"USDA Beltsville",36,1,21,2246,Subj_Species,Beef,-,-,-,-
"USDA Beltsville",36,4,21,2247,Subj_Species,Beef,-,-,-,-
"USDA Beltsville",36,3,21,2248,Subj_Species,Beef,-,-,-,-
"USDA Beltsville",36,2,21,2249,Subj_Species,Beef,-,-,-,-
"USDA Beltsville",36,1,21,6065,Subj_Species,Beef,-,-,-,-
"USDA Beltsville",36,3,22,2236,Subj_Species,Beef,-,-,-,-
"USDA Beltsville",36,1,22,2240,Subj_Species,Beef,-,-,-,-
"USDA Beltsville",36,2,22,2241,Subj_Species,Beef,-,-,-,-
"USDA Beltsville",36,3,22,2246,Subj_Species,Beef,-,-,-,-
"USDA Beltsville",36,2,22,2247,Subj_Species,Beef,-,-,-,-
"USDA Beltsville",36,1,22,2248,Subj_Species,Beef,-,-,-,-
"USDA Beltsville",36,4,22,2249,Subj_Species,Beef,-,-,-,-
"USDA Beltsville",36,4,22,6065,Subj_Species,Beef,-,-,-,-
"USDA Beltsville",37,1,11,9042,Subj_Species,Beef,-,-,-,-
"USDA Beltsville",37,3,11,9042,Subj_Species,Beef,-,-,-,-
"USDA Beltsville",37,4,11,9042,Subj_Species,Beef,-,-,-,-
"USDA Beltsville",37,5,11,9042,Subj_Species,Beef,-,-,-,-
"USDA Beltsville",37,1,11,9043,Subj_Species,Beef,-,-,-,-
"USDA Beltsville",37,3,11,9043,Subj_Species,Beef,-,-,-,-
"USDA Beltsville",37,4,11,9043,Subj_Species,Beef,-,-,-,-
"USDA Beltsville",37,5,11,9043,Subj_Species,Beef,-,-,-,-
"USDA Beltsville",37,1,11,9045,Subj_Species,Beef,-,-,-,-
"USDA Beltsville",37,3,11,9045,Subj_Species,Beef,-,-,-,-
"USDA Beltsville",37,4,11,9045,Subj_Species,Beef,-,-,-,-
"USDA Beltsville",37,5,11,9045,Subj_Species,Beef,-,-,-,-
"USDA Beltsville",37,1,11,9048,Subj_Species,Beef,-,-,-,-
"USDA Beltsville",37,3,11,9048,Subj_Species,Beef,-,-,-,-
"USDA Beltsville",37,4,11,9048,Subj_Species,Beef,-,-,-,-
"USDA Beltsville",37,1,11,9054,Subj_Species,Beef,-,-,-,-
"USDA Beltsville",37,3,11,9054,Subj_Species,Beef,-,-,-,-
"USDA Beltsville",37,4,11,9054,Subj_Species,Beef,-,-,-,-
"USDA Beltsville",37,5,11,9054,Subj_Species,Beef,-,-,-,-
"USDA Beltsville",37,1,11,9063,Subj_Species,Beef,-,-,-,-
"USDA Beltsville",37,3,11,9063,Subj_Species,Beef,-,-,-,-
"USDA Beltsville",37,4,11,9063,Subj_Species,Beef,-,-,-,-
"USDA Beltsville",37,5,11,9063,Subj_Species,Beef,-,-,-,-
"USDA Beltsville",37,1,11,9938,Subj_Species,Beef,-,-,-,-
"USDA Beltsville",37,3,11,9938,Subj_Species,Beef,-,-,-,-
"USDA Beltsville",37,4,11,9938,Subj_Species,Beef,-,-,-,-
"USDA Beltsville",37,5,11,9938,Subj_Species,Beef,-,-,-,-
"USDA Beltsville",37,1,11,9954,Subj_Species,Beef,-,-,-,-
"USDA Beltsville",37,3,11,9954,Subj_Species,Beef,-,-,-,-
"USDA Beltsville",37,4,11,9954,Subj_Species,Beef,-,-,-,-
"USDA Beltsville",37,5,11,9954,Subj_Species,Beef,-,-,-,-
"USDA Beltsville",37,1,12,9008,Subj_Species,Beef,-,-,-,-
"USDA Beltsville",37,3,12,9008,Subj_Species,Beef,-,-,-,-
"USDA Beltsville",37,4,12,9008,Subj_Species,Beef,-,-,-,-
"USDA Beltsville",37,5,12,9008,Subj_Species,Beef,-,-,-,-
"USDA Beltsville",37,1,12,9060,Subj_Species,Beef,-,-,-,-
"USDA Beltsville",37,1,12,9061,Subj_Species,Beef,-,-,-,-
"USDA Beltsville",37,3,12,9061,Subj_Species,Beef,-,-,-,-
"USDA Beltsville",37,4,12,9061,Subj_Species,Beef,-,-,-,-
"USDA Beltsville",37,5,12,9061,Subj_Species,Beef,-,-,-,-
"USDA Beltsville",37,1,12,9936,Subj_Species,Beef,-,-,-,-
"USDA Beltsville",37,3,12,9936,Subj_Species,Beef,-,-,-,-
"USDA Beltsville",37,4,12,9936,Subj_Species,Beef,-,-,-,-
"USDA Beltsville",37,5,12,9936,Subj_Species,Beef,-,-,-,-
"USDA Beltsville",37,1,12,9943,Subj_Species,Beef,-,-,-,-
"USDA Beltsville",37,3,12,9943,Subj_Species,Beef,-,-,-,-
"USDA Beltsville",37,4,12,9943,Subj_Species,Beef,-,-,-,-
"USDA Beltsville",37,5,12,9943,Subj_Species,Beef,-,-,-,-
"USDA Beltsville",37,1,12,9944,Subj_Species,Beef,-,-,-,-
"USDA Beltsville",37,3,12,9944,Subj_Species,Beef,-,-,-,-
"USDA Beltsville",37,4,12,9944,Subj_Species,Beef,-,-,-,-
"USDA Beltsville",37,5,12,9944,Subj_Species,Beef,-,-,-,-
"USDA Beltsville",37,1,12,9971,Subj_Species,Beef,-,-,-,-
"USDA Beltsville",37,3,12,9971,Subj_Species,Beef,-,-,-,-
"USDA Beltsville",37,4,12,9971,Subj_Species,Beef,-,-,-,-
"USDA Beltsville",37,5,12,9971,Subj_Species,Beef,-,-,-,-
"USDA Beltsville",37,1,12,9999,Subj_Species,Beef,-,-,-,-
"USDA Beltsville",37,3,12,9999,Subj_Species,Beef,-,-,-,-
"USDA Beltsville",37,4,12,9999,Subj_Species,Beef,-,-,-,-
"USDA Beltsville",37,5,12,9999,Subj_Species,Beef,-,-,-,-
"USDA Beltsville",37,1,13,9006,Subj_Species,Beef,-,-,-,-
"USDA Beltsville",37,1,13,9031,Subj_Species,Beef,-,-,-,-
"USDA Beltsville",37,1,13,9053,Subj_Species,Beef,-,-,-,-
"USDA Beltsville",37,1,13,9947,Subj_Species,Beef,-,-,-,-
"USDA Beltsville",37,1,13,9961,Subj_Species,Beef,-,-,-,-
"USDA Beltsville",37,1,13,9963,Subj_Species,Beef,-,-,-,-
"USDA Beltsville",37,1,13,9966,Subj_Species,Beef,-,-,-,-
"USDA Beltsville",37,1,13,9970,Subj_Species,Beef,-,-,-,-
"USDA Beltsville",37,2,,9006,Subj_Species,Beef,-,-,-,-
"USDA Beltsville",37,2,,9008,Subj_Species,Beef,-,-,-,-
"USDA Beltsville",37,6,,9008,Subj_Species,Beef,-,-,-,-
"USDA Beltsville",37,2,,9031,Subj_Species,Beef,-,-,-,-
"USDA Beltsville",37,2,,9042,Subj_Species,Beef,-,-,-,-
"USDA Beltsville",37,6,,9042,Subj_Species,Beef,-,-,-,-
"USDA Beltsville",37,2,,9043,Subj_Species,Beef,-,-,-,-
"USDA Beltsville",37,6,,9043,Subj_Species,Beef,-,-,-,-
"USDA Beltsville",37,2,,9045,Subj_Species,Beef,-,-,-,-
"USDA Beltsville",37,6,,9045,Subj_Species,Beef,-,-,-,-
"USDA Beltsville",37,2,,9048,Subj_Species,Beef,-,-,-,-
"USDA Beltsville",37,6,,9048,Subj_Species,Beef,-,-,-,-
"USDA Beltsville",37,2,,9053,Subj_Species,Beef,-,-,-,-
"USDA Beltsville",37,2,,9054,Subj_Species,Beef,-,-,-,-
"USDA Beltsville",37,6,,9054,Subj_Species,Beef,-,-,-,-
"USDA Beltsville",37,2,,9060,Subj_Species,Beef,-,-,-,-
"USDA Beltsville",37,2,,9061,Subj_Species,Beef,-,-,-,-
"USDA Beltsville",37,6,,9061,Subj_Species,Beef,-,-,-,-
"USDA Beltsville",37,2,,9063,Subj_Species,Beef,-,-,-,-
"USDA Beltsville",37,6,,9063,Subj_Species,Beef,-,-,-,-
"USDA Beltsville",37,2,,9936,Subj_Species,Beef,-,-,-,-
"USDA Beltsville",37,6,,9936,Subj_Species,Beef,-,-,-,-
"USDA Beltsville",37,2,,9938,Subj_Species,Beef,-,-,-,-
"USDA Beltsville",37,6,,9938,Subj_Species,Beef,-,-,-,-
"USDA Beltsville",37,2,,9943,Subj_Species,Beef,-,-,-,-
"USDA Beltsville",37,6,,9943,Subj_Species,Beef,-,-,-,-
"USDA Beltsville",37,2,,9944,Subj_Species,Beef,-,-,-,-
"USDA Beltsville",37,6,,9944,Subj_Species,Beef,-,-,-,-
"USDA Beltsville",37,2,,9947,Subj_Species,Beef,-,-,-,-
"USDA Beltsville",37,2,,9954,Subj_Species,Beef,-,-,-,-
"USDA Beltsville",37,6,,9954,Subj_Species,Beef,-,-,-,-
"USDA Beltsville",37,2,,9961,Subj_Species,Beef,-,-,-,-
"USDA Beltsville",37,2,,9963,Subj_Species,Beef,-,-,-,-
"USDA Beltsville",37,2,,9966,Subj_Species,Beef,-,-,-,-
"USDA Beltsville",37,2,,9970,Subj_Species,Beef,-,-,-,-
"USDA Beltsville",37,2,,9971,Subj_Species,Beef,-,-,-,-
"USDA Beltsville",37,6,,9971,Subj_Species,Beef,-,-,-,-
"USDA Beltsville",37,2,,9999,Subj_Species,Beef,-,-,-,-
"USDA Beltsville",37,6,,9999,Subj_Species,Beef,-,-,-,-
"USDA Beltsville",48,1,11,876,Subj_Species,Beef,-,-,-,-
"USDA Beltsville",48,5,11,876,Subj_Species,Beef,-,-,-,-
"USDA Beltsville",48,4,11,877,Subj_Species,Beef,-,-,-,-
"USDA Beltsville",48,7,11,877,Subj_Species,Beef,-,-,-,-
"USDA Beltsville",48,2,11,879,Subj_Species,Beef,-,-,-,-
"USDA Beltsville",48,6,11,879,Subj_Species,Beef,-,-,-,-
"USDA Beltsville",48,8,11,880,Subj_Species,Beef,-,-,-,-
"USDA Beltsville",48,3,11,884,Subj_Species,Beef,-,-,-,-
"USDA Beltsville",48,2,12,876,Subj_Species,Beef,-,-,-,-
"USDA Beltsville",48,6,12,876,Subj_Species,Beef,-,-,-,-
"USDA Beltsville",48,3,12,877,Subj_Species,Beef,-,-,-,-
"USDA Beltsville",48,8,12,877,Subj_Species,Beef,-,-,-,-
"USDA Beltsville",48,1,12,879,Subj_Species,Beef,-,-,-,-
"USDA Beltsville",48,5,12,879,Subj_Species,Beef,-,-,-,-
"USDA Beltsville",48,7,12,880,Subj_Species,Beef,-,-,-,-
"USDA Beltsville",48,4,12,884,Subj_Species,Beef,-,-,-,-
"USDA Beltsville",48,1,15,878,Subj_Species,Beef,-,-,-,-
"USDA Beltsville",48,2,15,878,Subj_Species,Beef,-,-,-,-
"USDA Beltsville",48,3,15,878,Subj_Species,Beef,-,-,-,-
"USDA Beltsville",48,4,15,878,Subj_Species,Beef,-,-,-,-
"USDA Beltsville",48,1,15,883,Subj_Species,Beef,-,-,-,-
"USDA Beltsville",48,2,15,883,Subj_Species,Beef,-,-,-,-
"USDA Beltsville",48,4,15,883,Subj_Species,Beef,-,-,-,-
"USDA Beltsville",48,3,21,876,Subj_Species,Beef,-,-,-,-
"USDA Beltsville",48,7,21,876,Subj_Species,Beef,-,-,-,-
"USDA Beltsville",48,2,21,877,Subj_Species,Beef,-,-,-,-
"USDA Beltsville",48,5,21,877,Subj_Species,Beef,-,-,-,-
"USDA Beltsville",48,4,21,879,Subj_Species,Beef,-,-,-,-
"USDA Beltsville",48,8,21,879,Subj_Species,Beef,-,-,-,-
"USDA Beltsville",48,6,21,880,Subj_Species,Beef,-,-,-,-
"USDA Beltsville",48,1,21,884,Subj_Species,Beef,-,-,-,-
"USDA Beltsville",48,4,22,876,Subj_Species,Beef,-,-,-,-
"USDA Beltsville",48,8,22,876,Subj_Species,Beef,-,-,-,-
"USDA Beltsville",48,1,22,877,Subj_Species,Beef,-,-,-,-
"USDA Beltsville",48,6,22,877,Subj_Species,Beef,-,-,-,-
"USDA Beltsville",48,3,22,879,Subj_Species,Beef,-,-,-,-
"USDA Beltsville",48,7,22,879,Subj_Species,Beef,-,-,-,-
"USDA Beltsville",48,5,22,880,Subj_Species,Beef,-,-,-,-
"USDA Beltsville",48,2,22,884,Subj_Species,Beef,-,-,-,-
"USDA Beltsville",48,1,25,880,Subj_Species,Beef,-,-,-,-
"USDA Beltsville",48,2,25,880,Subj_Species,Beef,-,-,-,-
"USDA Beltsville",48,1,25,881,Subj_Species,Beef,-,-,-,-
"USDA Beltsville",48,2,25,881,Subj_Species,Beef,-,-,-,-
"USDA Beltsville",48,4,25,881,Subj_Species,Beef,-,-,-,-
"USDA Beltsville",53,1,11,372,Subj_Species,Beef,-,-,-,-
"USDA Beltsville",53,2,11,375,Subj_Species,Beef,-,-,-,-
"USDA Beltsville",53,4,11,389,Subj_Species,Beef,-,-,-,-
"USDA Beltsville",53,3,11,391,Subj_Species,Beef,-,-,-,-
"USDA Beltsville",53,2,14,379,Subj_Species,Beef,-,-,-,-
"USDA Beltsville",53,8,14,380,Subj_Species,Beef,-,-,-,-
"USDA Beltsville",53,7,14,381,Subj_Species,Beef,-,-,-,-
"USDA Beltsville",53,1,14,385,Subj_Species,Beef,-,-,-,-
"USDA Beltsville",53,4,16,379,Subj_Species,Beef,-,-,-,-
"USDA Beltsville",53,6,16,380,Subj_Species,Beef,-,-,-,-
"USDA Beltsville",53,5,16,381,Subj_Species,Beef,-,-,-,-
"USDA Beltsville",53,3,16,385,Subj_Species,Beef,-,-,-,-
"USDA Beltsville",53,6,17,379,Subj_Species,Beef,-,-,-,-
"USDA Beltsville",53,4,17,380,Subj_Species,Beef,-,-,-,-
"USDA Beltsville",53,3,17,381,Subj_Species,Beef,-,-,-,-
"USDA Beltsville",53,5,17,385,Subj_Species,Beef,-,-,-,-
"USDA Beltsville",53,8,19,379,Subj_Species,Beef,-,-,-,-
"USDA Beltsville",53,2,19,380,Subj_Species,Beef,-,-,-,-
"USDA Beltsville",53,1,19,381,Subj_Species,Beef,-,-,-,-
"USDA Beltsville",53,7,19,385,Subj_Species,Beef,-,-,-,-
"USDA Beltsville",53,2,21,372,Subj_Species,Beef,-,-,-,-
"USDA Beltsville",53,1,21,375,Subj_Species,Beef,-,-,-,-
"USDA Beltsville",53,3,21,389,Subj_Species,Beef,-,-,-,-
"USDA Beltsville",53,4,21,391,Subj_Species,Beef,-,-,-,-
"USDA Beltsville",53,1,24,379,Subj_Species,Beef,-,-,-,-
"USDA Beltsville",53,7,24,380,Subj_Species,Beef,-,-,-,-
"USDA Beltsville",53,8,24,381,Subj_Species,Beef,-,-,-,-
"USDA Beltsville",53,2,24,385,Subj_Species,Beef,-,-,-,-
"USDA Beltsville",53,3,26,379,Subj_Species,Beef,-,-,-,-
"USDA Beltsville",53,5,26,380,Subj_Species,Beef,-,-,-,-
"USDA Beltsville",53,6,26,381,Subj_Species,Beef,-,-,-,-
"USDA Beltsville",53,4,26,385,Subj_Species,Beef,-,-,-,-
"USDA Beltsville",53,5,27,379,Subj_Species,Beef,-,-,-,-
"USDA Beltsville",53,3,27,380,Subj_Species,Beef,-,-,-,-
"USDA Beltsville",53,4,27,381,Subj_Species,Beef,-,-,-,-
"USDA Beltsville",53,6,27,385,Subj_Species,Beef,-,-,-,-
"USDA Beltsville",53,7,29,379,Subj_Species,Beef,-,-,-,-
"USDA Beltsville",53,1,29,380,Subj_Species,Beef,-,-,-,-
"USDA Beltsville",53,2,29,381,Subj_Species,Beef,-,-,-,-
"USDA Beltsville",53,8,29,385,Subj_Species,Beef,-,-,-,-
"USDA Beltsville",53,3,31,372,Subj_Species,Beef,-,-,-,-
"USDA Beltsville",53,4,31,375,Subj_Species,Beef,-,-,-,-
"USDA Beltsville",53,2,31,389,Subj_Species,Beef,-,-,-,-
"USDA Beltsville",53,1,31,391,Subj_Species,Beef,-,-,-,-
"USDA Beltsville",53,3,34,376,Subj_Species,Beef,-,-,-,-
"USDA Beltsville",53,4,34,382,Subj_Species,Beef,-,-,-,-
"USDA Beltsville",53,6,34,387,Subj_Species,Beef,-,-,-,-
"USDA Beltsville",53,5,34,390,Subj_Species,Beef,-,-,-,-
"USDA Beltsville",53,1,36,376,Subj_Species,Beef,-,-,-,-
"USDA Beltsville",53,2,36,382,Subj_Species,Beef,-,-,-,-
"USDA Beltsville",53,8,36,387,Subj_Species,Beef,-,-,-,-
"USDA Beltsville",53,7,36,390,Subj_Species,Beef,-,-,-,-
"USDA Beltsville",53,7,37,376,Subj_Species,Beef,-,-,-,-
"USDA Beltsville",53,8,37,382,Subj_Species,Beef,-,-,-,-
"USDA Beltsville",53,2,37,387,Subj_Species,Beef,-,-,-,-
"USDA Beltsville",53,1,37,390,Subj_Species,Beef,-,-,-,-
"USDA Beltsville",53,5,39,376,Subj_Species,Beef,-,-,-,-
"USDA Beltsville",53,6,39,382,Subj_Species,Beef,-,-,-,-
"USDA Beltsville",53,4,39,387,Subj_Species,Beef,-,-,-,-
"USDA Beltsville",53,3,39,390,Subj_Species,Beef,-,-,-,-
"USDA Beltsville",53,4,41,372,Subj_Species,Beef,-,-,-,-
"USDA Beltsville",53,3,41,375,Subj_Species,Beef,-,-,-,-
"USDA Beltsville",53,1,41,389,Subj_Species,Beef,-,-,-,-
"USDA Beltsville",53,2,41,391,Subj_Species,Beef,-,-,-,-
"USDA Beltsville",53,4,44,376,Subj_Species,Beef,-,-,-,-
"USDA Beltsville",53,3,44,382,Subj_Species,Beef,-,-,-,-
"USDA Beltsville",53,5,44,387,Subj_Species,Beef,-,-,-,-
"USDA Beltsville",53,6,44,390,Subj_Species,Beef,-,-,-,-
"USDA Beltsville",53,2,46,376,Subj_Species,Beef,-,-,-,-
"USDA Beltsville",53,1,46,382,Subj_Species,Beef,-,-,-,-
"USDA Beltsville",53,7,46,387,Subj_Species,Beef,-,-,-,-
"USDA Beltsville",53,8,46,390,Subj_Species,Beef,-,-,-,-
"USDA Beltsville",53,8,47,376,Subj_Species,Beef,-,-,-,-
"USDA Beltsville",53,7,47,382,Subj_Species,Beef,-,-,-,-
"USDA Beltsville",53,1,47,387,Subj_Species,Beef,-,-,-,-
"USDA Beltsville",53,2,47,390,Subj_Species,Beef,-,-,-,-
"USDA Beltsville",53,6,49,376,Subj_Species,Beef,-,-,-,-
"USDA Beltsville",53,5,49,382,Subj_Species,Beef,-,-,-,-
"USDA Beltsville",53,3,49,387,Subj_Species,Beef,-,-,-,-
"USDA Beltsville",53,4,49,390,Subj_Species,Beef,-,-,-,-
"USDA Beltsville",58,3,18,749,Subj_Species,Beef,-,-,-,-
"USDA Beltsville",58,1,18,751,Subj_Species,Beef,-,-,-,-
"USDA Beltsville",58,4,18,757,Subj_Species,Beef,-,-,-,-
"USDA Beltsville",58,3,18,762,Subj_Species,Beef,-,-,-,-
"USDA Beltsville",58,2,18,763,Subj_Species,Beef,-,-,-,-
"USDA Beltsville",58,1,18,766,Subj_Species,Beef,-,-,-,-
"USDA Beltsville",58,4,18,769,Subj_Species,Beef,-,-,-,-
"USDA Beltsville",58,2,18,781,Subj_Species,Beef,-,-,-,-
"USDA Beltsville",58,1,19,662,Subj_Species,Beef,-,-,-,-
"USDA Beltsville",58,4,19,749,Subj_Species,Beef,-,-,-,-
"USDA Beltsville",58,2,19,751,Subj_Species,Beef,-,-,-,-
"USDA Beltsville",58,3,19,757,Subj_Species,Beef,-,-,-,-
"USDA Beltsville",58,4,19,762,Subj_Species,Beef,-,-,-,-
"USDA Beltsville",58,1,19,763,Subj_Species,Beef,-,-,-,-
"USDA Beltsville",58,2,19,766,Subj_Species,Beef,-,-,-,-
"USDA Beltsville",58,3,19,769,Subj_Species,Beef,-,-,-,-
"USDA Beltsville",58,1,19,781,Subj_Species,Beef,-,-,-,-
"USDA Beltsville",58,1,28,749,Subj_Species,Beef,-,-,-,-
"USDA Beltsville",58,3,28,751,Subj_Species,Beef,-,-,-,-
"USDA Beltsville",58,2,28,757,Subj_Species,Beef,-,-,-,-
"USDA Beltsville",58,1,28,762,Subj_Species,Beef,-,-,-,-
"USDA Beltsville",58,4,28,763,Subj_Species,Beef,-,-,-,-
"USDA Beltsville",58,3,28,766,Subj_Species,Beef,-,-,-,-
"USDA Beltsville",58,2,28,769,Subj_Species,Beef,-,-,-,-
"USDA Beltsville",58,4,28,781,Subj_Species,Beef,-,-,-,-
"USDA Beltsville",58,1,29,669,Subj_Species,Beef,-,-,-,-
"USDA Beltsville",58,2,29,749,Subj_Species,Beef,-,-,-,-
"USDA Beltsville",58,4,29,751,Subj_Species,Beef,-,-,-,-
"USDA Beltsville",58,1,29,757,Subj_Species,Beef,-,-,-,-
"USDA Beltsville",58,2,29,762,Subj_Species,Beef,-,-,-,-
"USDA Beltsville",58,4,29,766,Subj_Species,Beef,-,-,-,-
"USDA Beltsville",58,1,29,769,Subj_Species,Beef,-,-,-,-
"USDA Beltsville",58,3,29,781,Subj_Species,Beef,-,-,-,-
"USDA Beltsville",58,3,,763,Subj_Species,Beef,-,-,-,-
"USDA Beltsville",59,2,11,6414,Subj_Species,Beef,-,-,-,-
"USDA Beltsville",61,1,11,3005,Subj_Species,Beef,-,-,-,-
"USDA Beltsville",61,1,11,3023,Subj_Species,Beef,-,-,-,-
"USDA Beltsville",61,1,11,3033,Subj_Species,Beef,-,-,-,-
"USDA Beltsville",61,1,11,3047,Subj_Species,Beef,-,-,-,-
"USDA Beltsville",61,2,19,3005,Subj_Species,Beef,-,-,-,-
"USDA Beltsville",61,3,19,3005,Subj_Species,Beef,-,-,-,-
"USDA Beltsville",61,4,19,3005,Subj_Species,Beef,-,-,-,-
"USDA Beltsville",61,2,19,3023,Subj_Species,Beef,-,-,-,-
"USDA Beltsville",61,3,19,3023,Subj_Species,Beef,-,-,-,-
"USDA Beltsville",61,4,19,3023,Subj_Species,Beef,-,-,-,-
"USDA Beltsville",61,2,19,3033,Subj_Species,Beef,-,-,-,-
"USDA Beltsville",61,3,19,3033,Subj_Species,Beef,-,-,-,-
"USDA Beltsville",61,4,19,3033,Subj_Species,Beef,-,-,-,-
"USDA Beltsville",61,2,19,3047,Subj_Species,Beef,-,-,-,-
"USDA Beltsville",61,3,19,3047,Subj_Species,Beef,-,-,-,-
"USDA Beltsville",61,1,21,3009,Subj_Species,Beef,-,-,-,-
"USDA Beltsville",61,1,21,3019,Subj_Species,Beef,-,-,-,-
"USDA Beltsville",61,1,21,3029,Subj_Species,Beef,-,-,-,-
"USDA Beltsville",61,1,21,3041,Subj_Species,Beef,-,-,-,-
"USDA Beltsville",61,2,22,3009,Subj_Species,Beef,-,-,-,-
"USDA Beltsville",61,2,22,3019,Subj_Species,Beef,-,-,-,-
"USDA Beltsville",61,2,22,3029,Subj_Species,Beef,-,-,-,-
"USDA Beltsville",61,2,22,3041,Subj_Species,Beef,-,-,-,-
"USDA Beltsville",61,3,29,3009,Subj_Species,Beef,-,-,-,-
"USDA Beltsville",61,4,29,3009,Subj_Species,Beef,-,-,-,-
"USDA Beltsville",61,5,29,3009,Subj_Species,Beef,-,-,-,-
"USDA Beltsville",61,3,29,3019,Subj_Species,Beef,-,-,-,-
"USDA Beltsville",61,4,29,3019,Subj_Species,Beef,-,-,-,-
"USDA Beltsville",61,5,29,3019,Subj_Species,Beef,-,-,-,-
"USDA Beltsville",61,3,29,3029,Subj_Species,Beef,-,-,-,-
"USDA Beltsville",61,4,29,3029,Subj_Species,Beef,-,-,-,-
"USDA Beltsville",61,5,29,3029,Subj_Species,Beef,-,-,-,-
"USDA Beltsville",61,3,29,3041,Subj_Species,Beef,-,-,-,-
"USDA Beltsville",61,4,29,3041,Subj_Species,Beef,-,-,-,-
"USDA Beltsville",61,5,29,3041,Subj_Species,Beef,-,-,-,-
"USDA Beltsville",61,1,31,3007,Subj_Species,Beef,-,-,-,-
"USDA Beltsville",61,1,31,3027,Subj_Species,Beef,-,-,-,-
"USDA Beltsville",61,1,31,3037,Subj_Species,Beef,-,-,-,-
"USDA Beltsville",61,1,31,3045,Subj_Species,Beef,-,-,-,-
"USDA Beltsville",61,2,32,3007,Subj_Species,Beef,-,-,-,-
"USDA Beltsville",61,2,32,3027,Subj_Species,Beef,-,-,-,-
"USDA Beltsville",61,2,32,3037,Subj_Species,Beef,-,-,-,-
"USDA Beltsville",61,2,32,3045,Subj_Species,Beef,-,-,-,-
"USDA Beltsville",61,3,39,3007,Subj_Species,Beef,-,-,-,-
"USDA Beltsville",61,4,39,3007,Subj_Species,Beef,-,-,-,-
"USDA Beltsville",61,5,39,3007,Subj_Species,Beef,-,-,-,-
"USDA Beltsville",61,3,39,3027,Subj_Species,Beef,-,-,-,-
"USDA Beltsville",61,4,39,3027,Subj_Species,Beef,-,-,-,-
"USDA Beltsville",61,5,39,3027,Subj_Species,Beef,-,-,-,-
"USDA Beltsville",61,3,39,3037,Subj_Species,Beef,-,-,-,-
"USDA Beltsville",61,4,39,3037,Subj_Species,Beef,-,-,-,-
"USDA Beltsville",61,5,39,3037,Subj_Species,Beef,-,-,-,-
"USDA Beltsville",61,3,39,3045,Subj_Species,Beef,-,-,-,-
"USDA Beltsville",61,4,39,3045,Subj_Species,Beef,-,-,-,-
"USDA Beltsville",61,5,39,3045,Subj_Species,Beef,-,-,-,-
"USDA Beltsville",61,1,41,3011,Subj_Species,Beef,-,-,-,-
"USDA Beltsville",61,1,41,3021,Subj_Species,Beef,-,-,-,-
"USDA Beltsville",61,1,41,3039,Subj_Species,Beef,-,-,-,-
"USDA Beltsville",61,1,41,3043,Subj_Species,Beef,-,-,-,-
"USDA Beltsville",61,2,42,3011,Subj_Species,Beef,-,-,-,-
"USDA Beltsville",61,2,42,3021,Subj_Species,Beef,-,-,-,-
"USDA Beltsville",61,2,42,3039,Subj_Species,Beef,-,-,-,-
"USDA Beltsville",61,2,42,3043,Subj_Species,Beef,-,-,-,-
"USDA Beltsville",61,3,49,3011,Subj_Species,Beef,-,-,-,-
"USDA Beltsville",61,4,49,3011,Subj_Species,Beef,-,-,-,-
"USDA Beltsville",61,5,49,3011,Subj_Species,Beef,-,-,-,-
"USDA Beltsville",61,3,49,3021,Subj_Species,Beef,-,-,-,-
"USDA Beltsville",61,4,49,3021,Subj_Species,Beef,-,-,-,-
"USDA Beltsville",61,5,49,3021,Subj_Species,Beef,-,-,-,-
"USDA Beltsville",61,3,49,3039,Subj_Species,Beef,-,-,-,-
"USDA Beltsville",61,4,49,3039,Subj_Species,Beef,-,-,-,-
"USDA Beltsville",61,5,49,3039,Subj_Species,Beef,-,-,-,-
"USDA Beltsville",61,3,49,3043,Subj_Species,Beef,-,-,-,-
"USDA Beltsville",61,4,49,3043,Subj_Species,Beef,-,-,-,-
"USDA Beltsville",61,5,49,3043,Subj_Species,Beef,-,-,-,-
"USDA Beltsville",61,1,51,3013,Subj_Species,Beef,-,-,-,-
"USDA Beltsville",61,1,51,3025,Subj_Species,Beef,-,-,-,-
"USDA Beltsville",61,1,51,3031,Subj_Species,Beef,-,-,-,-
"USDA Beltsville",61,1,51,3035,Subj_Species,Beef,-,-,-,-
"USDA Beltsville",61,2,52,3013,Subj_Species,Beef,-,-,-,-
"USDA Beltsville",61,2,52,3025,Subj_Species,Beef,-,-,-,-
"USDA Beltsville",61,2,52,3031,Subj_Species,Beef,-,-,-,-
"USDA Beltsville",61,2,52,3035,Subj_Species,Beef,-,-,-,-
"USDA Beltsville",61,3,59,3013,Subj_Species,Beef,-,-,-,-
"USDA Beltsville",61,4,59,3013,Subj_Species,Beef,-,-,-,-
"USDA Beltsville",61,5,59,3013,Subj_Species,Beef,-,-,-,-
"USDA Beltsville",61,3,59,3025,Subj_Species,Beef,-,-,-,-
"USDA Beltsville",61,4,59,3025,Subj_Species,Beef,-,-,-,-
"USDA Beltsville",61,5,59,3025,Subj_Species,Beef,-,-,-,-
"USDA Beltsville",61,3,59,3031,Subj_Species,Beef,-,-,-,-
"USDA Beltsville",61,4,59,3031,Subj_Species,Beef,-,-,-,-
"USDA Beltsville",61,5,59,3031,Subj_Species,Beef,-,-,-,-
"USDA Beltsville",61,3,59,3035,Subj_Species,Beef,-,-,-,-
"USDA Beltsville",61,4,59,3035,Subj_Species,Beef,-,-,-,-
"USDA Beltsville",61,5,59,3035,Subj_Species,Beef,-,-,-,-
"USDA Beltsville",61,5,,3005,Subj_Species,Beef,-,-,-,-
"USDA Beltsville",61,6,,3007,Subj_Species,Beef,-,-,-,-
"USDA Beltsville",61,6,,3009,Subj_Species,Beef,-,-,-,-
"USDA Beltsville",61,6,,3011,Subj_Species,Beef,-,-,-,-
"USDA Beltsville",61,6,,3013,Subj_Species,Beef,-,-,-,-
"USDA Beltsville",61,6,,3019,Subj_Species,Beef,-,-,-,-
"USDA Beltsville",61,6,,3021,Subj_Species,Beef,-,-,-,-
"USDA Beltsville",61,5,,3023,Subj_Species,Beef,-,-,-,-
"USDA Beltsville",61,6,,3025,Subj_Species,Beef,-,-,-,-
"USDA Beltsville",61,6,,3027,Subj_Species,Beef,-,-,-,-
"USDA Beltsville",61,6,,3029,Subj_Species,Beef,-,-,-,-
"USDA Beltsville",61,6,,3031,Subj_Species,Beef,-,-,-,-
"USDA Beltsville",61,5,,3033,Subj_Species,Beef,-,-,-,-
"USDA Beltsville",61,6,,3035,Subj_Species,Beef,-,-,-,-
"USDA Beltsville",61,6,,3037,Subj_Species,Beef,-,-,-,-
"USDA Beltsville",61,6,,3039,Subj_Species,Beef,-,-,-,-
"USDA Beltsville",61,6,,3041,Subj_Species,Beef,-,-,-,-
"USDA Beltsville",61,6,,3043,Subj_Species,Beef,-,-,-,-
"USDA Beltsville",61,6,,3045,Subj_Species,Beef,-,-,-,-
"USDA Beltsville",65,1,28,5004,Subj_Species,Beef,-,-,-,-
"USDA Beltsville",65,2,28,5006,Subj_Species,Beef,-,-,-,-
"USDA Beltsville",65,2,28,5008,Subj_Species,Beef,-,-,-,-
"USDA Beltsville",65,4,28,5012,Subj_Species,Beef,-,-,-,-
"USDA Beltsville",65,2,28,5016,Subj_Species,Beef,-,-,-,-
"USDA Beltsville",65,4,28,5016,Subj_Species,Beef,-,-,-,-
"USDA Beltsville",65,6,28,5016,Subj_Species,Beef,-,-,-,-
"USDA Beltsville",65,4,28,5020,Subj_Species,Beef,-,-,-,-
"USDA Beltsville",65,1,28,5036,Subj_Species,Beef,-,-,-,-
"USDA Beltsville",65,3,28,5036,Subj_Species,Beef,-,-,-,-
"USDA Beltsville",65,5,28,5036,Subj_Species,Beef,-,-,-,-
"USDA Beltsville",65,2,28,5040,Subj_Species,Beef,-,-,-,-
"USDA Beltsville",65,4,28,5040,Subj_Species,Beef,-,-,-,-
"USDA Beltsville",65,6,28,5040,Subj_Species,Beef,-,-,-,-
"USDA Beltsville",65,2,28,5042,Subj_Species,Beef,-,-,-,-
"USDA Beltsville",65,4,28,5042,Subj_Species,Beef,-,-,-,-
"USDA Beltsville",65,6,28,5042,Subj_Species,Beef,-,-,-,-
"USDA Beltsville",65,1,28,5044,Subj_Species,Beef,-,-,-,-
"USDA Beltsville",65,1,28,5050,Subj_Species,Beef,-,-,-,-
"USDA Beltsville",65,3,28,5050,Subj_Species,Beef,-,-,-,-
"USDA Beltsville",65,5,28,5050,Subj_Species,Beef,-,-,-,-
"USDA Beltsville",65,5,28,5054,Subj_Species,Beef,-,-,-,-
"USDA Beltsville",65,2,29,5004,Subj_Species,Beef,-,-,-,-
"USDA Beltsville",65,1,29,5006,Subj_Species,Beef,-,-,-,-
"USDA Beltsville",65,1,29,5008,Subj_Species,Beef,-,-,-,-
"USDA Beltsville",65,3,29,5012,Subj_Species,Beef,-,-,-,-
"USDA Beltsville",65,1,29,5016,Subj_Species,Beef,-,-,-,-
"USDA Beltsville",65,3,29,5016,Subj_Species,Beef,-,-,-,-
"USDA Beltsville",65,5,29,5016,Subj_Species,Beef,-,-,-,-
"USDA Beltsville",65,3,29,5020,Subj_Species,Beef,-,-,-,-
"USDA Beltsville",65,2,29,5036,Subj_Species,Beef,-,-,-,-
"USDA Beltsville",65,4,29,5036,Subj_Species,Beef,-,-,-,-
"USDA Beltsville",65,6,29,5036,Subj_Species,Beef,-,-,-,-
"USDA Beltsville",65,1,29,5040,Subj_Species,Beef,-,-,-,-
"USDA Beltsville",65,3,29,5040,Subj_Species,Beef,-,-,-,-
"USDA Beltsville",65,5,29,5040,Subj_Species,Beef,-,-,-,-
"USDA Beltsville",65,1,29,5042,Subj_Species,Beef,-,-,-,-
"USDA Beltsville",65,3,29,5042,Subj_Species,Beef,-,-,-,-
"USDA Beltsville",65,5,29,5042,Subj_Species,Beef,-,-,-,-
"USDA Beltsville",65,2,29,5044,Subj_Species,Beef,-,-,-,-
"USDA Beltsville",65,2,29,5050,Subj_Species,Beef,-,-,-,-
"USDA Beltsville",65,4,29,5050,Subj_Species,Beef,-,-,-,-
"USDA Beltsville",65,6,29,5050,Subj_Species,Beef,-,-,-,-
"USDA Beltsville",65,4,29,5054,Subj_Species,Beef,-,-,-,-
"USDA Beltsville",65,4,38,5004,Subj_Species,Beef,-,-,-,-
"USDA Beltsville",65,3,38,5006,Subj_Species,Beef,-,-,-,-
"USDA Beltsville",65,3,38,5008,Subj_Species,Beef,-,-,-,-
"USDA Beltsville",65,1,38,5020,Subj_Species,Beef,-,-,-,-
"USDA Beltsville",65,2,38,5024,Subj_Species,Beef,-,-,-,-
"USDA Beltsville",65,4,38,5024,Subj_Species,Beef,-,-,-,-
"USDA Beltsville",65,6,38,5024,Subj_Species,Beef,-,-,-,-
"USDA Beltsville",65,1,38,5034,Subj_Species,Beef,-,-,-,-
"USDA Beltsville",65,3,38,5034,Subj_Species,Beef,-,-,-,-
"USDA Beltsville",65,5,38,5034,Subj_Species,Beef,-,-,-,-
"USDA Beltsville",65,2,38,5038,Subj_Species,Beef,-,-,-,-
"USDA Beltsville",65,4,38,5038,Subj_Species,Beef,-,-,-,-
"USDA Beltsville",65,6,38,5038,Subj_Species,Beef,-,-,-,-
"USDA Beltsville",65,4,38,5044,Subj_Species,Beef,-,-,-,-
"USDA Beltsville",65,1,38,5048,Subj_Species,Beef,-,-,-,-
"USDA Beltsville",65,3,38,5048,Subj_Species,Beef,-,-,-,-
"USDA Beltsville",65,5,38,5048,Subj_Species,Beef,-,-,-,-
"USDA Beltsville",65,2,38,5054,Subj_Species,Beef,-,-,-,-
"USDA Beltsville",65,1,38,5056,Subj_Species,Beef,-,-,-,-
"USDA Beltsville",65,5,38,5056,Subj_Species,Beef,-,-,-,-
"USDA Beltsville",65,3,39,5004,Subj_Species,Beef,-,-,-,-
"USDA Beltsville",65,4,39,5006,Subj_Species,Beef,-,-,-,-
"USDA Beltsville",65,4,39,5008,Subj_Species,Beef,-,-,-,-
"USDA Beltsville",65,1,39,5012,Subj_Species,Beef,-,-,-,-
"USDA Beltsville",65,2,39,5020,Subj_Species,Beef,-,-,-,-
"USDA Beltsville",65,1,39,5024,Subj_Species,Beef,-,-,-,-
"USDA Beltsville",65,3,39,5024,Subj_Species,Beef,-,-,-,-
"USDA Beltsville",65,5,39,5024,Subj_Species,Beef,-,-,-,-
"USDA Beltsville",65,2,39,5034,Subj_Species,Beef,-,-,-,-
"USDA Beltsville",65,4,39,5034,Subj_Species,Beef,-,-,-,-
"USDA Beltsville",65,6,39,5034,Subj_Species,Beef,-,-,-,-
"USDA Beltsville",65,1,39,5038,Subj_Species,Beef,-,-,-,-
"USDA Beltsville",65,3,39,5038,Subj_Species,Beef,-,-,-,-
"USDA Beltsville",65,5,39,5038,Subj_Species,Beef,-,-,-,-
"USDA Beltsville",65,5,39,5044,Subj_Species,Beef,-,-,-,-
"USDA Beltsville",65,2,39,5048,Subj_Species,Beef,-,-,-,-
"USDA Beltsville",65,4,39,5048,Subj_Species,Beef,-,-,-,-
"USDA Beltsville",65,6,39,5048,Subj_Species,Beef,-,-,-,-
"USDA Beltsville",65,2,39,5056,Subj_Species,Beef,-,-,-,-
"USDA Beltsville",65,4,39,5056,Subj_Species,Beef,-,-,-,-
"USDA Beltsville",65,6,39,5056,Subj_Species,Beef,-,-,-,-
"USDA Beltsville",68,2,18,6033,Subj_Species,Beef,-,-,-,-
"USDA Beltsville",68,4,18,6035,Subj_Species,Beef,-,-,-,-
"USDA Beltsville",68,4,18,6045,Subj_Species,Beef,-,-,-,-
"USDA Beltsville",68,1,18,6049,Subj_Species,Beef,-,-,-,-
"USDA Beltsville",68,5,18,6059,Subj_Species,Beef,-,-,-,-
"USDA Beltsville",68,3,18,6061,Subj_Species,Beef,-,-,-,-
"USDA Beltsville",68,3,19,6033,Subj_Species,Beef,-,-,-,-
"USDA Beltsville",68,5,19,6033,Subj_Species,Beef,-,-,-,-
"USDA Beltsville",68,1,19,6035,Subj_Species,Beef,-,-,-,-
"USDA Beltsville",68,5,19,6035,Subj_Species,Beef,-,-,-,-
"USDA Beltsville",68,1,19,6045,Subj_Species,Beef,-,-,-,-
"USDA Beltsville",68,3,19,6049,Subj_Species,Beef,-,-,-,-
"USDA Beltsville",68,4,19,6059,Subj_Species,Beef,-,-,-,-
"USDA Beltsville",68,6,19,6061,Subj_Species,Beef,-,-,-,-
"USDA Beltsville",68,1,28,6033,Subj_Species,Beef,-,-,-,-
"USDA Beltsville",68,3,28,6035,Subj_Species,Beef,-,-,-,-
"USDA Beltsville",68,5,28,6045,Subj_Species,Beef,-,-,-,-
"USDA Beltsville",68,1,28,6059,Subj_Species,Beef,-,-,-,-
"USDA Beltsville",68,6,28,6059,Subj_Species,Beef,-,-,-,-
"USDA Beltsville",68,4,28,6061,Subj_Species,Beef,-,-,-,-
"USDA Beltsville",68,4,29,6033,Subj_Species,Beef,-,-,-,-
"USDA Beltsville",68,6,29,6035,Subj_Species,Beef,-,-,-,-
"USDA Beltsville",68,2,29,6045,Subj_Species,Beef,-,-,-,-
"USDA Beltsville",68,4,29,6049,Subj_Species,Beef,-,-,-,-
"USDA Beltsville",68,3,29,6059,Subj_Species,Beef,-,-,-,-
"USDA Beltsville",68,1,29,6061,Subj_Species,Beef,-,-,-,-
"USDA Beltsville",68,2,29,6061,Subj_Species,Beef,-,-,-,-
"USDA Beltsville",68,5,29,6061,Subj_Species,Beef,-,-,-,-
"USDA Beltsville",68,2,,6035,Subj_Species,Beef,-,-,-,-
"USDA Beltsville",68,2,,6049,Subj_Species,Beef,-,-,-,-
"USDA Beltsville",68,2,,6059,Subj_Species,Beef,-,-,-,-
"USDA Beltsville",70,1,21,5016,Subj_Species,Beef,-,-,-,-
"USDA Beltsville",70,2,21,5016,Subj_Species,Beef,-,-,-,-
"USDA Beltsville",70,3,21,5016,Subj_Species,Beef,-,-,-,-
"USDA Beltsville",70,4,21,5016,Subj_Species,Beef,-,-,-,-
"USDA Beltsville",70,5,21,5016,Subj_Species,Beef,-,-,-,-
"USDA Beltsville",70,3,21,5036,Subj_Species,Beef,-,-,-,-
"USDA Beltsville",70,4,21,5036,Subj_Species,Beef,-,-,-,-
"USDA Beltsville",70,5,21,5036,Subj_Species,Beef,-,-,-,-
"USDA Beltsville",70,6,21,5036,Subj_Species,Beef,-,-,-,-
"USDA Beltsville",70,1,21,5038,Subj_Species,Beef,-,-,-,-
"USDA Beltsville",70,2,21,5038,Subj_Species,Beef,-,-,-,-
"USDA Beltsville",70,3,21,5038,Subj_Species,Beef,-,-,-,-
"USDA Beltsville",70,4,21,5038,Subj_Species,Beef,-,-,-,-
"USDA Beltsville",70,5,21,5038,Subj_Species,Beef,-,-,-,-
"USDA Beltsville",70,1,21,5040,Subj_Species,Beef,-,-,-,-
"USDA Beltsville",70,2,21,5040,Subj_Species,Beef,-,-,-,-
"USDA Beltsville",70,3,21,5040,Subj_Species,Beef,-,-,-,-
"USDA Beltsville",70,4,21,5040,Subj_Species,Beef,-,-,-,-
"USDA Beltsville",70,5,21,5040,Subj_Species,Beef,-,-,-,-
"USDA Beltsville",70,1,21,5048,Subj_Species,Beef,-,-,-,-
"USDA Beltsville",70,2,21,5048,Subj_Species,Beef,-,-,-,-
"USDA Beltsville",70,3,21,5048,Subj_Species,Beef,-,-,-,-
"USDA Beltsville",70,4,21,5048,Subj_Species,Beef,-,-,-,-
"USDA Beltsville",70,5,21,5048,Subj_Species,Beef,-,-,-,-
"USDA Beltsville",70,1,21,5050,Subj_Species,Beef,-,-,-,-
"USDA Beltsville",70,2,21,5050,Subj_Species,Beef,-,-,-,-
"USDA Beltsville",70,3,21,5050,Subj_Species,Beef,-,-,-,-
"USDA Beltsville",70,4,21,5050,Subj_Species,Beef,-,-,-,-
"USDA Beltsville",70,5,21,5050,Subj_Species,Beef,-,-,-,-
"USDA Beltsville",70,1,21,5056,Subj_Species,Beef,-,-,-,-
"USDA Beltsville",70,2,21,5056,Subj_Species,Beef,-,-,-,-
"USDA Beltsville",70,3,21,5056,Subj_Species,Beef,-,-,-,-
"USDA Beltsville",70,4,21,5056,Subj_Species,Beef,-,-,-,-
"USDA Beltsville",70,5,21,5056,Subj_Species,Beef,-,-,-,-
"USDA Beltsville",70,1,29,5024,Subj_Species,Beef,-,-,-,-
"USDA Beltsville",70,2,29,5024,Subj_Species,Beef,-,-,-,-
"USDA Beltsville",70,3,29,5024,Subj_Species,Beef,-,-,-,-
"USDA Beltsville",70,4,29,5024,Subj_Species,Beef,-,-,-,-
"USDA Beltsville",70,5,29,5024,Subj_Species,Beef,-,-,-,-
"USDA Beltsville",70,1,29,5034,Subj_Species,Beef,-,-,-,-
"USDA Beltsville",70,2,29,5034,Subj_Species,Beef,-,-,-,-
"USDA Beltsville",70,3,29,5034,Subj_Species,Beef,-,-,-,-
"USDA Beltsville",70,4,29,5034,Subj_Species,Beef,-,-,-,-
"USDA Beltsville",70,5,29,5034,Subj_Species,Beef,-,-,-,-
"USDA Beltsville",70,1,29,5036,Subj_Species,Beef,-,-,-,-
"USDA Beltsville",70,1,29,5042,Subj_Species,Beef,-,-,-,-
"USDA Beltsville",70,2,29,5042,Subj_Species,Beef,-,-,-,-
"USDA Beltsville",70,3,29,5042,Subj_Species,Beef,-,-,-,-
"USDA Beltsville",70,4,29,5042,Subj_Species,Beef,-,-,-,-
"USDA Beltsville",70,5,29,5042,Subj_Species,Beef,-,-,-,-
"USDA Beltsville",72,1,21,9007,Subj_Species,Beef,-,-,-,-
"USDA Beltsville",72,1,21,9015,Subj_Species,Beef,-,-,-,-
"USDA Beltsville",72,3,21,9035,Subj_Species,Beef,-,-,-,-
"USDA Beltsville",72,3,21,9049,Subj_Species,Beef,-,-,-,-
"USDA Beltsville",72,2,21,9063,Subj_Species,Beef,-,-,-,-
"USDA Beltsville",72,4,21,9065,Subj_Species,Beef,-,-,-,-
"USDA Beltsville",72,2,21,9067,Subj_Species,Beef,-,-,-,-
"USDA Beltsville",72,4,21,9069,Subj_Species,Beef,-,-,-,-
"USDA Beltsville",72,3,22,9007,Subj_Species,Beef,-,-,-,-
"USDA Beltsville",72,3,22,9015,Subj_Species,Beef,-,-,-,-
"USDA Beltsville",72,4,22,9035,Subj_Species,Beef,-,-,-,-
"USDA Beltsville",72,4,22,9049,Subj_Species,Beef,-,-,-,-
"USDA Beltsville",72,1,22,9063,Subj_Species,Beef,-,-,-,-
"USDA Beltsville",72,2,22,9065,Subj_Species,Beef,-,-,-,-
"USDA Beltsville",72,1,22,9067,Subj_Species,Beef,-,-,-,-
"USDA Beltsville",72,2,22,9069,Subj_Species,Beef,-,-,-,-
"USDA Beltsville",72,4,41,9007,Subj_Species,Beef,-,-,-,-
"USDA Beltsville",72,2,41,9015,Subj_Species,Beef,-,-,-,-
"USDA Beltsville",72,2,41,9035,Subj_Species,Beef,-,-,-,-
"USDA Beltsville",72,1,41,9049,Subj_Species,Beef,-,-,-,-
"USDA Beltsville",72,3,41,9063,Subj_Species,Beef,-,-,-,-
"USDA Beltsville",72,1,41,9065,Subj_Species,Beef,-,-,-,-
"USDA Beltsville",72,4,41,9067,Subj_Species,Beef,-,-,-,-
"USDA Beltsville",72,3,41,9069,Subj_Species,Beef,-,-,-,-
"USDA Beltsville",72,2,42,9007,Subj_Species,Beef,-,-,-,-
"USDA Beltsville",72,4,42,9015,Subj_Species,Beef,-,-,-,-
"USDA Beltsville",72,1,42,9035,Subj_Species,Beef,-,-,-,-
"USDA Beltsville",72,2,42,9049,Subj_Species,Beef,-,-,-,-
"USDA Beltsville",72,4,42,9063,Subj_Species,Beef,-,-,-,-
"USDA Beltsville",72,3,42,9065,Subj_Species,Beef,-,-,-,-
"USDA Beltsville",72,3,42,9067,Subj_Species,Beef,-,-,-,-
"USDA Beltsville",72,1,42,9069,Subj_Species,Beef,-,-,-,-
