id,"dataset","acknowledgment","comments"
1,"Beltsville","The data in this set are the product of over 20 years of energy and nitrogen balance studies conducted in the metabolism chamber facility maintained by USDA in Beltsville, MD. The data include studies run by investigators: S. Andrew, D.E. Bauman, J.J. Bond, P. Brazeau, A.C.G. Brown, L.S. Bull, D. Casper, C.E. Coppock, H.R. Cross, R.F. Davis, J. Derbyshire, D.A. Dinius, J.H. Eisemann, W. Ellis, T.H. Elsasser, R. Erdman, W.P. Flatt, G. Friese, P. Gaudreau, B.P. Glenn, H.K. Goering, C.H. Gordon, G. Haaland, A.C. Hammond, D.L. Harmon, R.W. Hemken, N.W. Hooven Jr., G.B. Huntington, I. Katz, W.S. Kennett, H.H Lapierre, D. Miller, P.W. Moe, L.A. Moore, A.W. Munson, R.R. Oltjen, E.R. Orskov, J.B. Powell, P.A. Putnam, C.K. Reynolds, P.J. Reynolds, D.P. Romo, T.S. Rumsey, L.W. Smith, C.B. Tamplin, D.J. Thomson, H.F. Tyrrell, D.J. Undersander, G.A. Varga, and D.R. Waldo. The data were compiled by V. Wilkerson, D. Casper, and D. Mertens.. We gratefully acknowledge these individuals and the USDA for use of this data. Suggested citation: National Animal Nutrition Program (2014). Animal Performance Data, USDA Beltsville Agricultural Research Center Data. https://animalnutrition.org/. Accessed (Date)","Dietary Ingredients Table will be updated over time."
2,"Dairy Digestion (NRC 2001)","The data in this set were compiled and used for derivation of the mathematical model published as the Nutrient Requirements of Dairy Cattle: Seventh Revised Edition, 2001 prepared by the Subcommittee on Dairy Cattle Nutrition, Committee on Animal Nutrition, Naitonal Research Council.  The Subcommittee members included Jimmy Clark (Chair, University of Illinois), David Beede (Michigan State University), Richard Erdman (University of Maryland), Jesse Goff (USDA/ARS/NSDC, Ames, Iowa), Ric Grummer (University of Wisconsin), James Linn (University of Minnesota), Alice Pell (Cornell University), Charles Schwab (University of New Hampshire), Trevor Tomkins (Milk Specialties Company), Gabriella Varga (Pennsylvania State University), Willian Weiss (The Ohio State University). Additional dietary information was added by M. D. Hanigan (Virginia Tech) and G. Bateman (Louisiana State University) with subsequent data cleaning and verification undertaken by M. D. Hanigan, V. Daley, A.M. Fleming, M.M. Li, H. Lapierre, and R. Martineau. We gratefully acknowledge these individuals for these efforts.   Suggested citation: https://animalnutrition.org/. Accessed (Date) Suggested Citation: National Animal Nutrition Program (2014). Animal Performance Database,  Dairy Digestion (NRC 2001) Data. https://animalnutrition.org/. Accessed (Date) ",""
3,"Dairy Digestion","The data in this set were compiled and cleaned by M. D. Hanigan  (Virginia Tech), R.R. White (Virginia Tech), M. M. Li (Virginia Tech), A.M. Fleming (Virginia Tech), V. Daley  (NANP, Virginia Tech), Y. Roman-Garcia (Ohio State Univ.), J. L. Firkins (Ohio State University), H. Lapierre (Ag. Canada, Lennoxville), and R. Martineau (Ag Canada, Lennoxville) . The data were stored and preserved by Mark Hanigan (Virginia Tech) and provided to the National Animal Nutrition Program for use on this website. We gratefully acknowledge these individuals for the use of this data. Suggested Citation: National Animal Nutrition Program (2018).  Animal Performance Database,  Dairy Digestion Data.  https://animalnutrition.org/. Accessed (Date) ",""
4,"Dairy Fatty Acid Digestion","The data in this set were compiled by M. D. Hanigan  (Virginia Tech), R.R. White (Virginia Tech), V. Daley  (NANP, Virginia Tech), and L. E. Armentano (Univ. of Wisconsin. Additional data verificant and cleaning was undertaken by H. Lapierre and R. Martineau (Ag Canada, Lennoxville) . The data were stored and preserved by Mark Hanigan (Virginia Tech) and provided to the National Animal Nutrition Program for use on this website. We gratefully acknowledge the efforts of these individuals. Suggested Citation: National Animal Nutrition Program (2018).  Animal Performance Database,  Dairy Fatty Acid Digestion Data.  https://animalnutrition.org/. Accessed (Date) ",""
5,"Dairy Amino Acid Supplementation","The data in this set were compiled and cleaned by F. Xin (Virginia Tech), M. D. Hanigan  (Virginia Tech), V. Daley  (NANP, Virginia Tech), H. Lapierre (Ag Canada, Lennoxville), and R. Martineau (Ag Canada, Lennoxville) . The data were stored and preserved by Mark Hanigan (Virginia Tech) and provided to the National Animal Nutrition Program for use on this website. We gratefully acknowledge the efforts of these individuals. Suggested Citation: National Animal Nutrition Program (2018).  Animal Performance Database,  Dairy Amino Acid Supplementation Data.  https://animalnutrition.org/. Accessed (Date) ",""
6,"Beef Digestibility and Performance","The data in this set were compiled and cleaned by M. M. Li (Virginia Tech).  Suggested Citation: National Animal Nutrition Program (2018). Animal Performance Data, Beef Digestibility and Performance Data. https://animalnutrition.org/. Accessed (Date) ",""
7,"Lofgreen and Garrett Beef","The data in this set were a product of the research conducted by Dr. G. P. Lofgreen and Dr. W. N. Garrett at the University of California, Davis. The data were collected in 5 comparative slaughter trials conducted over 4 years. The data were preserved and provided to the National Animal Nutrition Program by Dr. J. Oltjen, University of California, Davis. We gratefully acknowledge these individuals for the use of this data.  Suggested citation: National Animal Nutrition Program (2014). Animal Performance Data, Lofgreen and Garrett 1968. https://animalnutrition.org/. Accessed (Date)",""
8,"Environmental Stress ","The data in this set were compiled and cleaned by R. R. White (NANP, Virginia Tech).  Suggested Citation: National Animal Nutrition Program (2018). Animal Performance Data, Environmental Stress Data. https://animalnutrition.org/. Accessed (Date) ",NULL
