"VarName","VarUnits","PotentialTable"
"DataSet","--","Column header"
"PubID","--","Column header"
"TrialID","--","Column header"
"TrtID","--","Column header"
"VarName","--","Column header"
"VarValue","--","Column header"
"VarUnits","--","Column header"
"N","--","Column header"
"SE","--","Column header"
"SD","--","Column header"
"SubjectID","--","Column header"
"SubTrtID","--","Column header"
"SiteSample","--","Column header"
"PlateID","--","Column header"
"WellID","--","Column header"
"CellType","--","Column header"
"DaySample","d","Column header"
"DaySampleInVivo","d","Column header"
"DaySampleInVitro","d","Column header"
"TimeSampleInVitro","hh/mm","Column header"
"VarType","--","Column header"
"Availability","--","T1"
"Reference","--","T1"
"Year","year","T1"
"DataType","--","T1"
"StudyType","--","T1"
"Location","--","T1"
"UID","--","T2"
"RepUID","--","T2"
"Fd_IngrName","--","T2"
"Fd_DietInc","%","T2"
"Fd_Int","kg/d","T2"
"Fd_DM","% As-Fed","T2"
"Fd_OM","% DM","T2"
"Fd_CP","% DM","T2"
"Fd_RUP","% CP","T2"
"Fd_RDP","% CP","T2"
"Fd_Aprotein","% CP","T2"
"Fd_Bprotein","% CP","T2"
"Fd_Cprotein","% CP","T2"
"Fd_kpBprotein","%/h","T2"
"Fd_kdprotein","%/h","T2"
"Fd_SolN","% DM","T2"
"Fd_N","% DM","T2"
"Fd_C","% DM","T2"
"Fd_EE","% DM","T2"
"Fd_FA","% EE","T2"
"Fd_CF","% DM","T2"
"Fd_NDF","% DM","T2"
"Fd_NDFIP","% DM","T2"
"Fd_ADF","% DM","T2"
"Fd_ADFIP","% DM","T2"
"Fd_HC","% DM","T2"
"Fd_Cel","% DM","T2"
"Fd_Lig","% DM","T2"
"Fd_St","% DM","T2"
"Fd_WSC","% DM","T2"
"Fd_NFC","% DM","T2"
"Fd_SolRes","% DM","T2"
"Fd_NFE","% DM","T2"
"Fd_NDSA","% DM","T2"
"Fd_GE","Mcal/kg","T2"
"Fd_TDN","% DM","T2"
"Fd_DE","Mcal/kg DM","T2"
"Fd_ME","Mcal/kg DM","T2"
"Fd_NEm","Mcal/kg DM","T2"
"Fd_NEg","Mcal/kg DM","T2"
"Fd_NEl","Mcal/kg DM","T2"
"Fd_Ash","% DM","T2"
"Fd_Ca","% DM","T2"
"Fd_P","% DM","T2"
"Fd_Mg","% DM","T2"
"Fd_K","% DM","T2"
"Fd_Na","% DM","T2"
"Fd_Cl","% DM","T2"
"Fd_S","% DM","T2"
"Fd_Lys","% CP","T2"
"Fd_Arg","% CP","T2"
"Fd_His","% CP","T2"
"Fd_Ile","% CP","T2"
"Fd_Leu","% CP","T2"
"Fd_Met","% CP","T2"
"Fd_CyS","% CP","T2"
"Fd_Phe","% CP","T2"
"Fd_Tyr","% CP","T2"
"Fd_Thr","% CP","T2"
"Fd_Trp","% CP","T2"
"Fd_Val","% CP","T2"
"Fd_Sil","% DM","T2"
"Fd_C12:0","% Total fatty acids","T2"
"Fd_C14:0","% Total fatty acids","T2"
"Fd_C16:0","% Total fatty acids","T2"
"Fd_C16:1","% Total fatty acids","T2"
"Fd_C18:0","% Total fatty acids","T2"
"Fd_C18:1trans","% Total fatty acids","T2"
"Fd_C18:1cis","% Total fatty acids","T2"
"Fd_C18:2","% Total fatty acids","T2"
"Fd_C18:3","% Total fatty acids","T2"
"Fd_C20:0","% Total fatty acids","T2"
"Fd_OthersFA","% Total fatty acids","T2"
"Fd_NFE","% DM","T2"
"Fd_SubjectID","--","T2"
"Fd_SampleID","--","T2"
"Fd_DaySample","d","T2"
"Fd_ADFInt","kg/d","T2"
"Fd_AshInt","kg/d","T2"
"Fd_CInt","kg/d","T2"
"Fd_CelInt","kg/d","T2"
"Fd_CFInt","kg/d","T2"
"Fd_EEInt","kg/d","T2"
"Fd_HCInt","kg/d","T2"
"Fd_LigInt","kg/d","T2"
"Fd_NDFInt","kg/d","T2"
"Fd_NDSAInt","kg/d","T2"
"Fd_NInt","kg/d","T2"
"Fd_NFEInt","kg/d","T2"
"Fd_OMInt","kg/d","T2"
"Fd_SilInt","kg/d","T2"
"Fd_SolResInt","kg/d","T2"
"Fd_GEInt","Mcal/d","T2"
"Fd_StInt","kg/d","T2"
"Dt_DM","%","T3"
"Dt_OM","%","T3"
"Dt_CP","% DM","T3"
"Dt_RUP","% DM","T3"
"Dt_RDP","% DM","T3"
"Dt_SolN","% DM","T3"
"Dt_N","% DM","T3"
"Dt_C","% DM","T3"
"Dt_EE","% DM","T3"
"Dt_FA","% DM","T3"
"Dt_CF","% DM","T3"
"Dt_NDF","% DM","T3"
"Dt_NDFIP","% DM","T3"
"Dt_ADF","% DM","T3"
"Dt_ADFIP","% DM","T3"
"Dt_HC","% DM","T3"
"Dt_Cel","% DM","T3"
"Dt_Lig","% DM","T3"
"Dt_St","% DM","T3"
"Dt_WSC","% DM","T3"
"Dt_NFC","% DM","T3"
"Dt_SolRes","% DM","T3"
"Dt_NFE","% DM","T3"
"Dt_NDSA","% DM","T3"
"Dt_GE","Mcal/kg","T3"
"Dt_TDN","% DM","T3"
"Dt_NEm","Mcal/kg","T3"
"Dt_NEg","Mcal/kg","T3"
"Dt_NEl","Mcal/kg","T3"
"Dt_DE","Mcal/kg","T5"
"Dt_ME","Mcal/kg","T5"
"Dt_NE","Mcal/kg","T5"
"Dt_NE_Est","Mcal/kg","T5"
"Dt_NEF","Mcal/kg","T5"
"Dt_Ash","% DM","T3"
"Dt_Ca","% DM","T3"
"Dt_P","% DM","T3"
"Dt_Mg","% DM","T3"
"Dt_K","% DM","T3"
"Dt_Na","% DM","T3"
"Dt_Cl","% DM","T3"
"Dt_S","% DM","T3"
"Dt_Lys","% MP","T3"
"Dt_Arg","% MP","T3"
"Dt_His","% MP","T3"
"Dt_Ile","% MP","T3"
"Dt_Leu","% MP","T3"
"Dt_Met","% MP","T3"
"Dt_CyS","% MP","T3"
"Dt_Phe","% MP","T3"
"Dt_Tyr","% MP","T3"
"Dt_Thr","% MP","T3"
"Dt_Trp","% MP","T3"
"Dt_Val","% MP","T3"
"Dt_C12:0","% of Fatty acids","T3"
"Dt_C14:0","% of Fatty acids","T3"
"Dt_C16:0","% of Fatty acids","T3"
"Dt_C16:1","% of Fatty acids","T3"
"Dt_C18:0","% of Fatty acids","T3"
"Dt_C18:1trans","% of Fatty acids","T3"
"Dt_C18:1cis","% of Fatty acids","T3"
"Dt_C18:2","% of Fatty acids","T3"
"Dt_C18:3","% of Fatty acids","T3"
"Dt_C20:0","% of Fatty acids","T3"
"Dt_OthersFA","% of Fatty acids","T3"
"Dt_SampleID","--","T3"
"Dt_DietID","--","T3"
"Subj_PhysStage","--","T4"
"Subj_Species","--","T4"
"Subj_GeneticID","--","T4"
"Subj_Breed","--","T4"
"Subj_Sex","--","T4"
"Subj_Parity","--","T4"
"Subj_DateBirth","m/d/yyyy","T4"
"Subj_DateDeath","m/d/yyyy","T4"
"Subj_Age","month","T4"
"Subj_AgeWean","month","T4"
"Subj_LactNum","--","T4"
"Subj_LactDays","--","T5"
"Subj_PregDays","d","T4"
"Subj_SampleID","--","T4"
"In_DM","kg/d","T5"
"In_OM","kg/d","T5"
"In_DM_Past","kg/d","T5"
"In_Wat","L/d","T5"
"Bod_Temp","°C","T5"
"An_HearRat","Beats/min","T5"
"ME_Gest","Mcal/d","T5"
"An_CBal","g/d","T5"
"Tis_C_CP","g/d","T5"
"Tis_C_Fat","g/d","T5"
"Tis_GE_Fat","Mcal/d","T5"
"Tis_GE_CP","Mcal/d","T5"
"Tis_C_N_Bal","g/d","T5"
"An_HP_CN","Mcal/d","T5"
"An_EnBal_CN","Mcal/d","T5"
"Tis_En_CP_C_N","%","T5"
"Tis_En_Fat_C_N","%","T5"
"Excr_HP_RQ","Mcal/d","T5"
"An_EnBal_RQ","Mcal/d","T5"
"An_EnBal_RQ_Cor","Mcal/d","T5"
"An_HP_RQ_CN","Mcal/d","T5"
"An_EnBal_RQCor_C_N","Mcal/d","T5"
"Int_MECorHP_RQCorFecNE","Mcal/d","T5"
"Tis_MEBal_Gest","Mcal/d","T5"
"In_ME_AbMnt","Mcal/d","T5"
"An_EnBal_RQ_MEAbMnt","Mcal/d","T5"
"Tis_EnBal_RQNeg","Mcal/d","T5"
"Tis_EnBal_RQPos","Mcal/d","T5"
"Tis_EnBalGestTisNeg","Mcal/d","T5"
"Tis_EnBalGestTisPos","Mcal/d","T5"
"An_NE85","Mcal/d","T5"
"An_GETotal","Mcal/d","T5"
"Milk_NE","Mcal/d","T5"
"An_DE_GE","%","T5"
"An_ME_GE","%","T5"
"Excr_CH4E_GE","%","T5"
"Uri_En_GE","%","T5"
"Fec_GE_GE","%","T5"
"An_HPRQ_GE","%","T5"
"An_EnBalRQ_GEIn","%","T5"
"An_NE_GE","%","T5"
"An_ME_DE","%","T5"
"An_NE_DE","%","T5"
"An_CH4En_DE","%","T5"
"Uri_En_DE","%","T5"
"An_HPRQ_DE","%","T5"
"An_NE_ME","%","T5"
"Uri_En_ME","%","T5"
"An_CH4En_ME","%","T5"
"An_HPRQ_ME","%","T5"
"Dt_GE","Mcal/kg","T5"
"An_NE85_MBW","Mcal/d","T5"
"An_NERet73_MBW","Mcal/d","T5"
"An_NERet85_MBW","Mcal/d","T5"
"Excr_CO2Cor","L/d","T5"
"Excr_CH4Cor","L/d","T5"
"Excr_O2Cor","L/d","T5"
"An_BWOut","kg","T5"
"Excr_C_Gas","g/d","T5"
"Excr_GE_CH4","Mcal/d","T5"
"Excr_RQAdjNUri","Mcal/d","T5"
"Excr_C_CO2","g/d","T5"
"Excr_C_CH4","g/d","T5"
"Excr_HP_UriN","Mcal/d","T5"
"Fd_RDDM_DMa","%","T5"
"Fd_RDDM_DMt","%","T5"
"Fd_RDDMa","kg/d","T5"
"Fd_RDDMt","kg/d","T5"
"Fd_RDOM_OMa","%","T5"
"Fd_RDOM_OMt","%","T5"
"Fd_RDOMa","kg/d","T5"
"Fd_RDOMt","kg/d","T5"
"Fd_RDNa","g/d","T5"
"Fd_RDNt","g/d","T5"
"Fd_RDN_Na","%","T5"
"Fd_RDN_Nt","%","T5"
"Fd_RDADF_ADF","%","T5"
"Fd_RDADF","kg/d","T5"
"Fd_RDNDF_NDF","%","T5"
"Fd_RDNDF","kg/d","T5"
"Fd_RDSt_St","%","T5"
"Fd_RDNSC","kg/d","T5"
"Fd_RDFat_Fat","%","T5"
"Fd_RDFat","kg/d","T5"
"Fd_RDFA_FA","%","T5"
"Fd_RDFA","kg/d","T5"
"Type_LiqMarker","--","T5"
"Type_SolMarker","--","T5"
"Type_MicrMarker","--","T5"
"Du_DM","kg/d","T5"
"Du_OM","kg/d","T5"
"Du_ADF","kg/d","T5"
"Du_NDF","kg/d","T5"
"Du_St","kg/d","T5"
"Du_EE","kg/d","T5"
"Du_FA","kg/d","T5"
"Du_N","g/d","T5"
"Du_MicN","g/d","T5"
"Du_NaN","g/d","T5"
"Du_NH3","g/d","T5"
"Rum_MicEffa","g/kg","T5"
"Rum_MicEfft","g/kg","T5"
"Fd_TDDM_DM","%","T5"
"Fd_TDOM_OM","%","T5"
"Fd_TDN_N","%","T5"
"Fd_TDADF_ADF","%","T5"
"Fd_TDNDF_NDF","%","T5"
"Fd_TDSt_St","%","T5"
"Fd_TDFA_FA","%","T5"
"Fd_TDEE_EE","%","T5"
"Fd_TDCF_CF","%","T5"
"Fd_TDAsh_Ash","%","T5"
"Fd_TDDE_DE","%","T5"
"Fd_TDC_C","%","T5"
"Fd_TDNDSA_NDSA","%","T5"
"Fd_TDHc_Hc","%","T5"
"Fd_TDCe_Ce","%","T5"
"Fd_TDLig_Lig","%","T5"
"Fd_TDSi_Si","%","T5"
"Fd_TDrOM_rOM","%","T5"
"Fd_TDNFE_NFE","%","T5"
"Rum_pH","log","T5"
"Rum_NH3","mmol/L","T5"
"Rum_VFA","mmol/L","T5"
"Rum_Acet_VFA","molar % of VFA","T5"
"Rum_Prop_VFA","molar % of VFA","T5"
"Rum_iButr_VFA","molar % of VFA","T5"
"Rum_Butr_VFA","molar % of VFA","T5"
"Rum_iVal_VFA","molar % of VFA","T5"
"Rum_Val_VFA","molar % of VFA","T5"
"Uri_N","g/d","T5"
"Fec_N","g/d","T5"
"Excr_N","g/d","T5"
"Ret_N","g/d","T5"
"Fec_Wet","g/d","T5"
"Fec_DM","g/d","T5"
"Fec_GE","Mcal/d","T5"
"Fec_C","g/d","T5"
"Fec_EE","g/d","T5"
"Fec_CF","g/d","T5"
"Fec_Ash","g/d","T5"
"Fec_OM","g/d","T5"
"Fec_NDF","g/d","T5"
"Fec_NDSA","g/d","T5"
"Fec_ADF","g/d","T5"
"Fec_Hc","g/d","T5"
"Fec_Ce","g/d","T5"
"Fec_Lig","g/d","T5"
"Fec_Si","g/d","T5"
"Fec_St","g/d","T5"
"Fec_rOM","g/d","T5"
"Fec_NFE","g/d","T5"
"Uri_Wet","g/d","T5"
"Uri_GE","Mcal","T5"
"Uri_C","g/d","T5"
"Milk_Prod","kg/d","T5"
"Milk_GE","Mcal/d","T5"
"Milk_N","g/d","T5"
"Milk_C","g/d","T5"
"Milk_Fat_Milk","%","T5"
"Milk_TP_Milk","%","T5"
"Milk_CP_Milk","%","T5"
"Milk_SNF_Milk","%","T5"
"Milk_Lact_Milk","%","T5"
"EBod_CP","%","T5"
"EBod_Fat","%","T5"
"Car_CP","%","T5"
"Car_Fat","%","T5"
"An_HairLoss","g/d","T5"
"An_GE_Hair","Mcal","T5"
"An_N_Hair","g/d","T5"
"An_C_Hair","g/d","T5"
"An_ConcRat","%","T5"
"An_BirthRat","%","T5"
"Conc_BW","kg","T5"
"Uter_DM_Fluid","kg","T5"
"Uter_N_Fluid","kg","T5"
"Uter_DM","kg","T5"
"Uter_N","Mcal/kg","T5"
"Conc_GE","Mcal/kg","T5"
"Conc_ME","Mcal/kg","T5"
"Conc_NE","Mcal/kg","T5"
"Conc_N","%","T5"
"An_BWBirth","kg","T5"
"An_LactN","--","T5"
"An_ADG","d","T5"
"An_EBWG","d","T5"
"An_BWGshr","d","T5"
"An_DaysOnFeed","d","T5"
"An_BWChange","kg/d","T5"
"Abs_CP","g/d","T5"
"In_NCorFU","g/d","T5"
"An_NBal","g/d","T5"
"An_NBalCorM","g/d","T5"
"An_NBalCorWH","g/d","T5"
"An_NGestBal","g/d","T5"
"Excr_N","g/d","T5"
"Excr_N_Pos","g/d","T5"
"An_Nbal_IntN","%","T5"
"An_Nbal_DigN","%","T5"
"An_SampleTimeInVivo","hh/mm","T5"
"InVit_SampleTimeInVivo","hh/mm","T7"
"Dt_NSC","% DM","T3"
"An_BW","kg","T5"
"Fd_RDNSC_NSC","%","T5"
"Type_Stat_DigFA","--","T5"
"Fd_RDNSC","kg/d","T5"
"Du_NaNMicN","g/d","T5"
"Du_NSC","kg/d","T5"
"Type_MarkerMet","--","T5"
"Type_MetProt","--","T5"
"An_NSmpLoc","--","T5"
"Rum_ADF","kg","T5"
"Rum_DM","kg","T5"
"Rum_DM_Liq","kg","T5"
"Rum_DM_Sol","kg","T5"
"Rum_OM_Liq","kg","T5"
"Rum_OM_Sol","kg","T5"
"Rum_OM","kg","T5"
"Rum_OM_Mic","kg","T5"
"Rum_NDF","kg","T5"
"Rum_iNDF","kg","T5"
"Rum_Lg","kg","T5"
"Rum_St","kg","T5"
"Rum_NSC_Liq","kg","T5"
"Rum_NSC_Sol","kg","T5"
"Rum_N_Liq","g","T5"
"Rum_N_Sol","g","T5"
"Rum_N","g","T5"
"Rum_NAN_Liq","g","T5"
"Rum_NAN_Sol","g","T5"
"Rum_NAN","g","T5"
"Rum_MiN_Liq","g","T5"
"Rum_MiN_Sol","g","T5"
"Rum_MiN","g","T5"
"Rum_Mass_Liq","kg","T5"
"Rum_Mass_Sol","kg","T5"
"Rum_Mass","kg","T5"
"Type_RumSmpLoc","--","T5"
"Type_StatMethod","--","T5"
"Type_TrtName","--","T5"
"Fd_TDNSC_NSC","%","T5"
"Type_MarkerTotTrac","--","T5"
"Type_SE","--","T5"
"InfusionLocation","--","T6"
"Inf_Acet","%","T6"
"Inf_ADF","g","T6"
"Inf_ADFIP","g","T6"
"Inf_Arg","g","T6"
"Inf_Ash","g","T6"
"Inf_Butr","%","T6"
"Inf_Ca","g","T6"
"Inf_CP","g","T6"
"Inf_CPARum_CP","%","T6"
"Inf_CPBRum_CP","%","T6"
"Inf_CPCRum_CP","%","T6"
"Inf_TDRUP_RUP","%","T6"
"Inf_DM","g","T6"
"Inf_EE","g","T6"
"Inf_Glc","g","T6"
"Inf_Glu","g","T6"
"Inf_His","g","T6"
"Inf_Ile","g","T6"
"Inf_kCPBPass","g/g","T6"
"Inf_Leu","g","T6"
"Inf_Lg","g","T6"
"Inf_Lys","g","T6"
"Inf_Met","g","T6"
"Inf_NDF","g","T6"
"Inf_NDFIP","g","T6"
"Inf_Phe","g","T6"
"Inf_Prop","g","T6"
"Inf_St","g","T6"
"Inf_Thr","g","T6"
"Inf_Trp","g","T6"
"Inf_TDSt_St","%","T6"
"Inf_Val","g","T6"
"Inf_VFA","g","T6"
"Type_N_Cann","","T5"
"Inf_Type","","T6"
"Type_N_Study","","T5"
"An_LactDays","--","T5"
